"lon","lat","presAbs"
-112.494258,38.754235,0
-110.206897,37.626433,0
-110.821057,38.942112,0
-109.07611,38.290767,0
-112.132439,37.624147,0
-109.604479,39.702503,0
-110.772254,40.37342,0
-109.619205,37.705612,0
-112.71442,38.477984,0
-110.82258,40.784914,0
-110.82258,40.784914,1
-110.462592,39.74773,0
-109.290641,37.532928,0
-109.978063,37.673721,0
-111.347153,41.058021,0
-113.154722,37.476999,0
-111.062817,40.653884,0
-111.062817,40.653884,1
-109.668254,39.429373,0
-111.16595,38.036016,0
-112.26159,37.329973,0
-111.847138,37.584858,0
-111.885776,38.560615,0
-110.533205,40.065591,0
-112.488924,38.528636,0
-112.488924,38.528636,1
-111.435404,37.571604,0
-109.406187,39.404831,0
-113.478197,41.935375,0
-111.665707,41.820787,0
-110.627768,40.994978,0
-112.595427,40.509958,0
-112.420799,40.45987,0
-113.882063,40.212112,0
-110.591719,40.292179,0
-111.574814,38.128095,0
-111.574814,38.128095,1
-109.334878,39.488988,0
-111.782224,39.946009,0
-111.607615,38.515617,0
-109.921029,37.989345,0
-111.558829,38.074255,0
-111.595587,40.97043,0
-111.595587,40.97043,1
-109.455925,40.915068,0
-112.357342,37.49467,0
-112.026917,38.397822,0
-110.591862,40.333784,0
-111.112506,39.572731,0
-111.112506,39.572731,1
-109.81987,40.651464,0
-109.81987,40.651464,1
-111.575532,38.80077,0
-114.015417,38.636995,0
-113.547622,37.5155,0
-111.171435,40.470239,0
-111.90832,37.900273,0
-113.768682,37.559462,0
-111.576978,39.296512,0
-110.512008,40.136479,0
-111.412224,38.063565,0
-113.025659,37.213557,0
-109.166041,39.40263,0
-111.287325,39.349241,0
-111.349776,39.071464,0
-111.349776,39.071464,1
-114.029034,38.272953,0
-111.796834,37.406832,0
-113.790875,38.097646,0
-109.867267,37.407584,0
-113.177334,38.380383,0
-110.996031,39.796711,0
-110.996031,39.796711,1
-110.305762,39.749647,0
-111.744269,38.807039,0
-110.581514,40.878312,0
-112.25503,38.396537,0
-110.40452,40.698126,0
-111.059858,37.233143,0
-110.938465,38.119963,0
-111.704832,38.063532,0
-111.704832,38.063532,1
-111.110323,37.225877,0
-110.821736,40.252108,0
-111.843735,37.543929,0
-111.563316,38.626848,0
-110.114204,40.876622,0
-110.228786,40.874841,0
-110.827402,37.992601,0
-112.398577,39.882727,0
-110.641872,40.649424,0
-112.374969,38.48279,0
-112.374969,38.48279,1
-109.405306,40.741811,0
-110.398457,40.915046,0
-111.413598,41.556276,1
-111.413598,41.556276,0
-112.394753,37.089264,0
-112.153338,39.113427,0
-111.914642,37.81433,0
-111.914642,37.81433,1
-109.699859,37.630788,0
-111.453683,37.949667,0
-109.706403,40.596793,0
-109.706403,40.596793,1
-113.870941,39.895971,0
-109.980805,40.875774,0
-109.065387,38.202867,0
-111.348397,40.336836,0
-111.348397,40.336836,1
-111.538017,41.69194,0
-111.538017,41.69194,1
-109.078331,40.792293,0
-113.95341,41.741571,0
-109.434565,39.383786,0
-111.176223,39.702819,0
-111.176223,39.702819,1
-111.18035,40.693384,0
-111.18035,40.693384,1
-109.523838,40.773674,0
-109.523838,40.773674,1
-109.094132,38.845297,0
-111.643472,39.798671,0
-110.195364,39.165904,0
-113.637097,41.661582,0
-113.205013,37.474074,0
-110.349007,40.562899,0
-110.349007,40.562899,1
-110.583169,40.69981,0
-110.99878,37.187322,0
-112.603209,38.57259,0
-111.791042,37.635886,0
-109.430039,39.512091,0
-109.52385,37.895311,0
-111.466597,38.804074,0
-111.466597,38.804074,1
-110.410177,40.744325,0
-112.74023,37.037257,0
-114.021741,41.151718,0
-110.708795,40.83536,0
-111.413896,41.009423,0
-111.120289,39.930705,0
-112.663107,37.382975,0
-112.192671,37.407414,0
-111.741626,38.536295,0
-111.741626,38.536295,1
-109.106935,38.475259,0
-109.670775,39.157673,0
-110.2127,39.182245,0
-112.989154,37.343834,0
-109.123576,37.979465,0
-111.62466,37.451601,0
-111.843909,37.313022,0
-112.450205,37.004516,0
-111.348223,37.859063,0
-109.797863,38.484246,0
-114.001811,38.069058,0
-110.167932,40.595697,0
-112.148436,38.532791,0
-110.597471,39.842679,0
-112.794461,37.079671,0
-111.301355,40.967594,0
-111.301355,40.967594,1
-111.231265,39.478356,0
-111.231265,39.478356,1
-111.40872,39.800786,0
-112.172816,39.791692,0
-111.17405,40.517311,0
-112.246896,37.315634,0
-111.990316,39.79214,0
-110.635678,40.871988,0
-113.90971,37.95546,0
-111.89466,38.156259,1
-111.89466,38.156259,0
-112.054078,39.926592,0
-112.690129,41.942554,0
-113.540325,38.95939,0
-112.383193,38.801827,0
-111.288826,38.940729,0
-109.269585,37.606851,0
-112.131989,37.758979,0
-113.726353,41.498335,0
-109.133225,37.526644,0
-110.264123,37.671657,0
-111.614822,40.721273,0
-111.614822,40.721273,1
-109.807861,40.726821,0
-112.139615,38.033594,0
-113.570818,38.145978,0
-112.358286,37.222401,0
-110.881037,39.977473,0
-110.655179,39.931486,0
-109.35742,39.699115,0
-112.753183,37.391763,0
-109.181602,37.66523,0
-113.944172,37.508025,0
-111.260591,38.959429,0
-113.373265,39.184101,0
-110.534142,39.657815,0
-112.110419,39.841157,0
-112.016707,37.718885,0
-112.277282,39.161526,0
-110.063158,39.667798,0
-109.644761,40.642409,0
-109.644761,40.642409,1
-112.074997,37.49481,0
-112.674029,37.83597,0
-113.836751,37.599032,0
-113.877888,40.165976,0
-109.314793,39.556955,0
-111.538084,41.461253,0
-111.538084,41.461253,1
-110.351083,39.881611,0
-110.034205,40.57608,0
-110.034205,40.57608,1
-110.429449,40.540642,0
-110.429449,40.540642,1
-112.638471,37.399946,0
-111.750438,39.258745,0
-109.980979,37.535764,0
-111.410422,39.890467,0
-111.410422,39.890467,1
-111.394942,38.083035,0
-110.779084,38.040835,0
-111.793917,37.718322,0
-111.169208,39.347993,0
-111.169208,39.347993,1
-111.574332,39.889402,0
-110.708703,38.852815,0
-112.868591,39.826749,0
-113.88227,37.423506,0
-111.626738,37.495057,0
-111.772067,41.058686,0
-111.208426,38.020437,0
-110.945884,40.786694,0
-111.173841,40.111613,0
-112.640198,40.188427,0
-111.289643,39.482473,0
-110.878086,40.51724,0
-110.878086,40.51724,1
-112.517633,40.194215,0
-111.937179,38.558818,0
-111.48693,37.564744,0
-113.6623,37.561749,0
-110.602667,38.803476,0
-112.648492,40.366813,0
-111.332531,39.819932,0
-114.005244,37.372903,0
-110.825259,39.706449,0
-111.646928,40.647313,0
-110.482157,40.518144,0
-110.482157,40.518144,1
-113.974021,38.268014,0
-111.631356,39.210766,0
-111.818365,39.342743,0
-111.581661,39.119738,0
-112.149083,41.952274,0
-110.356648,39.92597,0
-110.241646,40.017885,0
-111.284072,37.858562,0
-112.798951,37.520438,0
-110.147977,38.130942,0
-111.706087,39.659304,0
-111.353704,39.978057,0
-113.365959,37.299652,0
-112.18514,37.222404,0
-111.783284,41.464968,0
-110.883028,38.669393,0
-111.052982,39.662652,0
-111.235562,39.033746,0
-109.435708,39.473865,0
-112.720773,38.388783,0
-113.371438,37.523574,0
-110.800679,37.969706,0
-109.217689,39.854821,0
-111.587137,39.663109,0
-110.203038,37.852123,0
-109.281349,40.863842,0
-111.513609,38.039349,1
-111.513609,38.039349,0
-111.401624,38.717664,0
-112.069378,38.561682,0
-112.069378,38.561682,1
-109.052955,40.503017,0
-113.798542,37.538208,0
-112.979182,37.664541,0
-111.227941,39.118562,0
-112.879905,37.801475,0
-111.227818,39.617149,0
-112.108292,39.611055,0
-110.844658,39.247286,0
-110.304132,39.612256,0
-110.853483,40.183348,0
-109.101894,38.566046,0
-112.033625,37.905812,0
-110.248105,39.521056,0
-111.662567,39.868545,0
-111.181921,40.02449,0
-111.319323,40.307458,0
-111.319323,40.307458,1
-109.94271,40.96765,0
-109.94271,40.96765,1
-110.420743,39.616439,0
-110.136306,39.389052,0
-110.295772,40.744807,0
-109.218965,38.788615,0
-109.361413,38.554477,0
-113.702494,38.636653,0
-112.522641,39.963454,0
-112.640025,37.931764,0
-113.762451,37.37918,0
-109.210995,37.597308,0
-111.406845,39.390846,0
-111.406845,39.390846,1
-111.423084,41.688666,0
-111.423084,41.688666,1
-110.936655,39.752439,0
-110.936655,39.752439,1
-109.644306,37.54056,0
-111.355651,40.198643,0
-113.439657,37.789068,0
-113.313296,40.149053,0
-113.629086,38.141766,0
-110.529382,40.334926,0
-109.996572,40.471767,0
-110.800225,40.635227,0
-111.535112,39.437554,0
-110.716401,37.994928,0
-112.228667,39.922319,0
-113.990739,38.450616,0
-112.110427,39.947252,0
-109.095267,38.890108,0
-112.349812,37.085643,0
-113.146427,37.343019,0
-110.075331,37.745595,0
-110.976824,40.266751,0
-111.657446,38.999472,0
-111.54125,41.777667,0
-111.54125,41.777667,1
-109.586475,40.598543,0
-111.47564,40.200088,0
-113.870027,40.123609,0
-113.179596,41.874107,0
-112.525551,38.276387,0
-109.878431,40.916846,0
-112.078951,37.452275,0
-112.044436,39.699329,0
-110.361304,39.434843,0
-111.524697,38.268961,0
-111.858214,38.752603,0
-111.088039,39.730641,0
-111.088039,39.730641,1
-111.835144,41.411875,0
-113.456917,39.8157,0
-112.588263,40.145421,0
-110.93591,40.521985,0
-112.941059,38.021061,0
-112.782815,38.395107,0
-111.502787,38.965009,0
-114.027927,38.455994,0
-110.634799,38.823591,0
-109.305319,37.396607,0
-113.531552,41.88902,0
-111.69441,39.386104,0
-111.573912,37.945918,0
-111.789977,37.493162,0
-111.521915,38.443238,0
-111.521915,38.443238,1
-112.631625,37.584684,0
-112.631625,37.584684,1
-112.471651,37.219449,0
-110.650163,40.565784,0
-110.650163,40.565784,1
-112.223908,41.785073,0
-110.15354,37.62994,0
-112.882854,38.338712,0
-110.183042,39.750845,0
-111.74474,37.720493,0
-113.579934,38.418784,0
-113.383977,37.653066,0
-110.64522,40.964371,0
-109.520981,38.030402,0
-113.112979,39.731876,0
-110.354617,39.484714,0
-109.58177,37.846499,0
-112.997192,38.114051,0
-109.673547,40.851038,0
-111.312993,39.374864,0
-111.312993,39.374864,1
-109.236062,38.349399,0
-111.770698,40.607902,0
-111.16844,37.366762,0
-111.046993,39.482226,0
-112.840594,38.839205,0
-111.540403,41.911594,0
-112.946509,40.496765,0
-110.28154,40.963311,0
-110.28154,40.963311,1
-111.370326,39.369644,0
-111.578643,39.205204,0
-112.744923,37.122017,0
-113.155403,38.107044,0
-109.170482,38.480927,0
-111.063792,39.439748,0
-111.063792,39.439748,1
-113.265371,37.567598,0
-111.709584,40.380022,0
-111.397353,38.538843,0
-111.003924,40.472568,0
-111.003924,40.472568,1
-111.521812,39.251113,0
-111.521812,39.251113,1
-109.74299,40.935846,0
-112.405526,38.277625,0
-112.405526,38.277625,1
-111.507712,37.454578,0
-113.987791,38.587971,0
-110.145028,37.76582,0
-113.537448,37.248626,0
-111.881679,40.24636,0
-111.917133,38.259972,0
-114.04434,37.86986,0
-112.80538,37.307337,0
-112.465295,39.925311,0
-113.775689,37.421373,0
-110.709619,39.799312,0
-109.528496,37.534874,0
-112.791576,40.855695,0
-112.048912,38.888409,0
-110.710573,39.884025,0
-111.638849,38.801813,0
-111.638849,38.801813,1
-111.107773,40.462482,0
-109.378609,39.290715,0
-109.662736,39.250966,0
-113.901124,39.786045,0
-109.681044,38.572967,0
-111.348926,39.481343,0
-113.028202,38.811046,0
-113.87055,40.030619,0
-109.395267,40.908998,0
-112.031509,38.438732,0
-112.031509,38.438732,1
-112.638112,37.354586,0
-112.268155,41.953378,0
-111.474776,40.290635,1
-111.474776,40.290635,0
-110.471151,40.33691,0
-112.554371,38.205177,0
-110.190197,39.566794,0
-109.367964,37.262997,0
-111.435245,39.453387,0
-111.122981,40.834392,0
-110.885022,38.039,0
-111.575229,38.487103,0
-112.317472,38.708244,0
-113.067275,37.46576,0
-111.290511,39.567516,0
-109.250373,39.510045,0
-112.531544,37.57796,0
-110.23373,40.468016,0
-110.995213,40.249993,0
-113.833622,37.467089,0
-111.231123,38.982116,0
-110.887011,40.831655,0
-111.556972,38.513844,0
-109.17722,40.454103,0
-111.903102,37.676417,0
-111.260318,38.103812,0
-111.255487,39.902583,0
-113.797121,38.234918,0
-112.698863,37.398888,0
-112.318179,38.574873,0
-109.235438,38.204041,0
-111.865522,38.804634,0
-111.227569,39.573612,0
-110.471488,40.023847,0
-110.825388,40.334357,0
-110.710635,39.933301,0
-113.012368,40.587849,0
-113.79865,38.27572,0
-112.42224,37.220785,0
-110.175849,40.785756,0
-113.373823,37.344218,0
-109.397085,37.894208,0
-112.134865,41.991793,0
-112.134865,41.991793,1
-111.226465,39.078148,0
-111.563281,38.595817,0
-111.563281,38.595817,1
-111.9162,41.297963,0
-109.202854,39.377754,0
-112.37158,38.170981,0
-110.704289,40.695361,0
-111.368003,37.569842,0
-112.659428,38.160583,0
-112.465669,37.267747,0
-112.712859,37.856606,0
-113.088371,37.302027,0
-112.664946,38.434997,0
-112.041771,39.297625,0
-112.323603,38.396636,0
-111.957075,41.504743,0
-111.683312,37.541603,0
-109.840461,39.115811,0
-110.395698,40.878838,0
-110.881973,40.788816,0
-112.129632,37.223498,0
-109.823584,40.599107,0
-111.117785,40.423904,0
-109.914657,39.6249,0
-112.158577,39.341525,0
-112.693904,37.490742,0
-112.693904,37.490742,1
-114.031129,41.200583,0
-111.408116,39.70138,0
-110.164074,38.243962,0
-111.849975,37.855562,0
-111.849975,37.855562,1
-109.160818,38.704225,0
-112.534716,37.621146,0
-110.943843,40.927021,0
-110.943843,40.927021,1
-109.988011,40.919245,0
-109.171185,40.414215,0
-112.631792,37.217715,0
-113.919688,38.361483,0
-113.366755,39.143021,0
-113.976613,38.679067,0
-112.249725,37.494154,0
-112.075883,37.674892,0
-109.447907,39.298925,0
-111.106331,40.689987,0
-111.106331,40.689987,1
-112.069799,37.538094,0
-110.826126,40.381477,0
-110.826126,40.381477,1
-111.100769,40.261494,0
-111.100769,40.261494,1
-111.521618,39.344738,0
-111.399295,39.167755,0
-111.399295,39.167755,1
-111.405584,39.523611,0
-110.068188,39.479957,0
-113.954081,39.790364,0
-112.189553,37.72269,0
-110.262019,38.395505,0
-110.878044,40.341935,0
-110.878044,40.341935,1
-113.516469,38.236472,0
-109.978269,37.447712,0
-112.981832,37.394792,0
-111.318227,38.95913,0
-111.693012,38.490841,0
-112.247021,37.673684,0
-112.144274,38.166484,0
-111.755119,39.748499,0
-109.631984,38.028921,0
-111.13258,38.009604,0
-112.619562,40.069946,0
-110.409819,40.01658,0
-110.476688,39.572532,0
-112.015389,37.44461,0
-112.306132,39.994553,0
-113.921079,38.547303,0
-111.713308,40.699428,0
-111.80902,38.80009,0
-111.800232,37.948818,0
-111.800232,37.948818,1
-109.547853,39.333723,0
-111.226812,37.945973,0
-111.929109,39.610145,0
-109.495006,39.380964,0
-113.627722,38.328283,0
-109.641761,37.492909,0
-109.364678,37.484888,0
-111.435095,38.963691,0
-112.92081,37.257326,0
-112.832635,38.569558,0
-113.161727,41.441136,0
-111.813628,39.793984,0
-112.530649,37.709513,0
-111.530172,40.831274,0
-111.530172,40.831274,1
-111.509417,39.027001,0
-109.67086,39.199906,0
-111.803866,39.668407,0
-112.491722,38.70707,0
-110.348709,40.601039,0
-112.326989,39.250381,0
-111.4105,40.88166,0
-113.716962,37.471426,0
-113.027127,37.167158,0
-110.888969,37.637967,0
-111.285965,38.445516,0
-111.46148,40.756245,0
-112.688301,40.490665,0
-111.855477,37.994944,0
-111.855477,37.994944,1
-109.923677,37.539019,0
-111.175128,39.161264,0
-111.523601,37.944637,0
-111.594918,41.011715,0
-113.89744,37.86778,0
-109.366353,39.878055,0
-112.815101,37.575669,0
-112.815101,37.575669,1
-112.40987,37.171994,0
-111.179399,39.889933,0
-111.179399,39.889933,1
-111.50973,40.310668,0
-111.41301,39.751948,0
-109.200615,39.467202,0
-113.43824,37.746678,0
-114.006133,41.603308,0
-110.537011,40.249146,0
-110.947452,40.333799,0
-110.947452,40.333799,1
-110.497374,40.545717,0
-110.497374,40.545717,1
-110.246738,37.830224,0
-112.657711,38.390559,0
-110.041864,37.763371,0
-111.751731,39.971443,0
-109.187502,37.576993,0
-111.479128,41.956224,0
-109.539886,39.78845,0
-111.520058,39.79529,0
-110.938783,40.200541,0
-112.145447,37.99082,0
-113.678611,38.14506,0
-110.76586,40.562515,0
-112.279819,40.435567,0
-111.547132,41.548627,0
-110.247565,39.56843,1
-110.247565,39.56843,0
-112.255739,37.454051,0
-109.77075,40.198287,0
-110.114553,40.786522,0
-109.846696,40.489377,0
-110.649893,40.067781,0
-110.886708,40.206401,0
-111.435603,41.985214,0
-109.31145,39.603292,0
-111.473772,39.748489,0
-110.778647,39.850545,0
-110.778647,39.850545,1
-112.265734,39.393964,0
-109.878614,37.315518,0
-111.687415,37.814905,0
-109.812791,38.603147,0
-111.806727,38.030078,0
-111.806727,38.030078,1
-111.175012,39.571655,0
-112.188373,40.64587,0
-112.188373,40.64587,1
-111.061354,40.066657,0
-111.061354,40.066657,1
-110.766331,40.337718,0
-110.766331,40.337718,1
-111.966395,37.723491,0
-109.32224,39.505492,0
-112.264932,38.841561,0
-110.996793,40.289597,0
-113.15583,38.398382,0
-111.834786,41.14539,0
-113.95455,37.957232,0
-109.254523,39.783267,0
-111.749085,40.806717,0
-109.137622,37.394982,0
-112.160647,39.613152,0
-110.055172,40.92061,0
-110.055172,40.92061,1
-113.690911,41.953497,0
-109.142482,40.793242,0
-111.537733,40.966216,0
-111.537733,40.966216,1
-109.935974,40.695349,0
-111.000555,39.614699,0
-113.762641,37.244766,0
-111.661132,41.143262,0
-109.270124,38.519719,0
-109.270124,38.519719,1
-111.528619,39.613901,0
-109.353681,40.460997,0
-110.3625,39.569304,0
-113.396408,38.150726,0
-112.621977,37.830014,0
-112.621977,37.830014,1
-111.570039,37.996376,0
-111.570039,37.996376,1
-110.657185,38.805397,0
-110.999623,39.439073,0
-112.436503,38.71084,0
-111.646724,38.067949,0
-109.832039,39.245563,0
-109.832039,39.245563,1
-112.425054,37.758084,0
-113.028969,37.350375,0
-112.694367,37.008036,0
-114.006562,38.681148,0
-111.065581,40.295584,0
-111.065581,40.295584,1
-113.775403,37.60171,0
-109.936338,40.645262,0
-111.593061,40.833088,0
-111.593061,40.833088,1
-109.918427,37.582768,0
-110.881717,37.995102,0
-112.219646,39.200976,0
-109.42771,39.744667,0
-110.247587,39.297991,0
-112.248374,37.812236,0
-112.114594,39.796061,0
-111.42083,40.831548,0
-109.07673,37.925991,0
-112.231447,40.011924,0
-109.384604,38.796233,0
-113.758952,41.610314,0
-110.41926,39.890196,0
-110.41926,39.890196,1
-112.378673,38.707812,0
-111.113574,40.112879,0
-111.416688,40.335124,0
-110.539567,39.797526,0
-112.718427,37.379333,0
-113.319453,37.390515,0
-112.976025,37.43646,0
-111.172007,40.785729,0
-111.172007,40.785729,1
-111.578871,38.711468,0
-111.578871,38.711468,1
-112.872611,37.577017,0
-110.151685,37.273001,0
-110.639985,37.022489,0
-111.837449,40.924806,0
-109.784831,40.93536,0
-112.391317,38.678546,0
-112.198825,38.124519,0
-113.453137,38.289006,0
-113.481533,41.97645,0
-111.11391,39.61774,0
-113.805605,38.31978,0
-109.928222,37.717385,0
-109.667804,39.386069,0
-109.555602,39.155679,0
-111.47539,40.783204,0
-113.459204,37.58145,0
-113.31946,37.479754,0
-110.834957,40.156788,0
-110.834957,40.156788,1
-109.076544,37.56817,0
-109.749833,40.921139,0
-109.309241,39.694425,0
-112.586592,37.307454,0
-109.299839,38.545,0
-109.299839,38.545,1
-110.092314,37.857315,0
-110.361115,40.880786,0
-113.483854,37.333007,0
-110.534924,38.981987,0
-112.641894,39.965615,0
-112.071921,37.227236,0
-110.824929,40.650877,0
-112.401858,38.192816,0
-113.14452,37.301558,0
-112.192352,38.03523,0
-112.192352,38.03523,1
-111.182298,40.882772,0
-111.182298,40.882772,1
-112.654488,40.598565,0
-113.47041,41.841055,0
-112.263951,41.995936,0
-111.749727,38.713212,0
-111.749727,38.713212,1
-111.225131,37.997108,0
-110.870805,40.877121,0
-112.42071,37.531686,0
-110.878778,40.382863,0
-110.878778,40.382863,1
-112.456043,37.037648,0
-110.333126,40.050126,0
-109.874049,37.449213,0
-111.804218,38.84339,0
-112.020165,37.991632,0
-110.821031,40.473743,0
-110.528216,40.115891,0
-111.357063,39.706193,0
-111.357063,39.706193,1
-110.885057,39.890095,0
-109.09235,37.591967,0
-111.682915,37.678342,0
-111.807819,39.300317,0
-109.089518,39.424444,0
-110.827947,38.125898,1
-111.706106,40.425638,0
-111.706106,40.425638,1
-110.536949,39.123496,0
-114.010709,37.659596,0
-109.221059,39.409234,0
-109.637169,37.761632,0
-111.575375,41.176268,0
-111.575375,41.176268,1
-111.534171,40.652727,0
-112.329549,37.334776,0
-112.347954,40.063354,0
-112.777569,38.519338,0
-110.687765,37.885004,1
-110.687765,37.885004,0
-111.350454,39.25739,0
-111.350454,39.25739,1
-112.714188,41.829822,0
-111.842572,37.047407,0
-111.323394,38.016793,0
-112.984934,37.799882,0
-112.59232,40.465615,0
-112.582243,37.579231,0
-112.479996,40.414289,0
-111.889563,41.424197,0
-111.655137,40.878415,0
-112.312492,38.169583,0
-111.72802,41.631217,0
-113.987949,41.739668,0
-112.434733,38.530431,0
-110.077003,39.119978,0
-109.777667,39.294115,0
-109.998779,40.648714,0
-109.998779,40.648714,1
-109.099721,38.968025,0
-109.072974,39.605461,0
-112.777638,38.431331,0
-112.375263,38.435746,0
-112.375263,38.435746,1
-112.050652,38.927438,0
-109.382882,38.5691,0
-109.128833,39.732907,0
-109.523494,40.593506,0
-112.878178,37.712395,0
-112.878178,37.712395,1
-109.41812,37.444215,0
-112.908106,37.032236,0
-110.533383,39.39276,0
-111.766769,40.829285,0
-112.222226,39.523358,0
-111.590545,41.677486,0
-111.590545,41.677486,1
-109.862913,38.038763,0
-112.168453,39.924543,0
-112.509428,37.076138,0
-110.599364,39.342119,0
-111.508738,38.177402,0
-112.857499,37.124329,0
-112.869613,37.529784,0
-113.467337,38.185627,0
-112.337495,38.276038,1
-112.337495,38.276038,0
-109.358327,37.528694,0
-111.123537,40.067627,0
-111.123537,40.067627,1
-109.835212,38.197107,0
-113.64853,37.288596,0
-111.178941,39.29812,0
-110.582144,40.742254,0
-109.818586,37.709777,0
-110.364863,39.523795,0
-109.752045,37.580771,0
-109.186013,37.713173,0
-112.086338,38.257711,0
-112.086338,38.257711,1
-112.428837,38.256364,0
-111.699775,39.970303,0
-113.885392,37.513254,0
-109.540928,40.854449,0
-112.561888,40.079117,0
-110.888083,40.607951,0
-110.888083,40.607951,1
-109.491843,39.471458,0
-110.291732,40.696122,0
-111.979643,38.436091,0
-111.903149,41.320576,0
-112.262265,38.706494,0
-113.38166,37.742605,0
-109.808397,37.675043,0
-113.894275,41.972013,0
-111.288453,38.401249,0
-113.44284,41.955839,0
-113.44284,41.955839,1
-113.994529,37.462311,0
-113.925633,38.499933,0
-111.339348,39.53004,0
-111.339348,39.53004,1
-112.482854,38.11805,0
-109.5109,40.961919,0
-111.862813,41.216813,0
-111.862813,41.216813,1
-112.167691,37.778158,0
-113.756124,41.517997,0
-110.99989,40.608392,0
-110.99989,40.608392,1
-110.827567,40.199867,0
-110.940184,39.980501,0
-111.457725,39.078389,0
-111.457725,39.078389,1
-111.350864,39.931259,0
-111.234417,40.023456,0
-113.999112,41.892754,0
-109.884425,40.606886,0
-114.005812,37.552614,0
-111.289543,40.111211,0
-109.983282,37.856012,0
-111.176924,40.379244,0
-113.32642,39.458238,0
-112.55068,38.615193,0
-111.905593,37.361024,0
-111.798242,37.901892,0
-113.238981,38.513823,0
-109.461216,40.645081,0
-112.593712,40.238496,0
-110.659602,40.176702,0
-110.360821,39.970653,0
-111.450811,41.172687,0
-111.535974,40.29208,0
-113.967733,38.232047,0
-112.723566,38.434871,0
-111.919669,38.128344,0
-112.309116,37.854403,0
-109.604315,39.249488,0
-113.570819,38.195987,0
-111.604345,38.595957,0
-111.604345,38.595957,1
-109.465278,40.68576,0
-109.465278,40.68576,1
-112.597325,37.80241,0
-112.597325,37.80241,1
-112.195876,37.984194,0
-112.195876,37.984194,1
-111.397308,38.487591,0
-112.692597,37.035619,0
-111.693893,37.294373,0
-109.695406,40.734558,0
-113.758056,38.597429,0
-109.876647,40.736094,0
-111.664983,41.773468,0
-112.363725,37.580989,0
-110.419431,40.974427,0
-110.829508,38.853161,0
-110.652641,39.841416,0
-111.805892,38.534078,0
-113.90631,38.137973,0
-110.842267,37.947384,0
-109.730668,39.022895,0
-110.291953,40.024496,0
-110.769475,38.89564,0
-111.40222,39.075546,0
-112.36335,37.625722,0
-110.768133,39.030733,0
-114.010543,38.481798,0
-112.262173,38.260961,0
-111.122661,41.013633,0
-111.122661,41.013633,1
-112.189535,37.857798,0
-112.189535,37.857798,1
-110.454681,39.194124,0
-111.400987,38.623822,0
-112.566438,37.738806,0
-109.351226,37.798598,0
-109.676253,38.842011,0
-109.99543,40.606318,0
-109.99543,40.606318,1
-112.184593,37.311119,0
-114.032926,37.695195,0
-110.46652,40.739798,0
-109.195562,37.533358,0
-112.374885,38.393055,0
-109.452717,40.872412,0
-109.452717,40.872412,1
-110.636408,40.520801,0
-113.536939,41.93512,0
-112.532791,37.219948,0
-112.54875,38.571069,0
-113.636527,38.77788,0
-111.662224,41.235487,0
-111.569621,41.660475,0
-111.675455,37.045989,0
-113.761002,37.10518,0
-110.824211,40.294419,0
-109.280004,40.908595,0
-109.436341,39.335574,0
-112.187026,37.446612,0
-112.883163,38.203862,0
-112.190071,37.804598,0
-112.384243,38.203665,0
-112.384243,38.203665,1
-111.631483,39.120866,0
-113.974792,39.711553,0
-113.467193,37.498908,0
-111.699211,39.837277,0
-111.699211,39.837277,1
-113.489993,37.47216,0
-111.528293,39.082652,0
-112.285932,39.876397,0
-112.711646,40.461965,0
-112.89471,40.730639,0
-109.864002,37.806626,0
-112.362775,37.808643,0
-111.777243,40.964812,0
-111.777243,40.964812,1
-113.494836,37.701319,0
-111.472759,38.99459,0
-111.79333,37.587173,0
-110.82307,39.887252,0
-110.82307,39.887252,1
-110.293109,40.871312,0
-113.853515,37.130114,0
-111.17259,37.813522,0
-109.643148,37.71488,0
-112.11654,39.970041,0
-110.756553,37.976674,0
-112.26217,38.620348,0
-111.177966,37.94845,0
-113.266334,37.52243,0
-112.752948,37.25613,0
-111.284261,37.907744,0
-109.814633,37.447494,0
-110.649128,40.291754,0
-112.179621,40.55613,0
-111.338823,37.452596,0
-109.843578,39.160163,0
-111.690274,38.669873,0
-111.690274,38.669873,1
-111.517678,38.849897,0
-111.733902,37.446839,0
-111.97652,38.397467,0
-110.587774,39.61803,0
-112.70207,37.666628,0
-109.826619,37.745498,0
-113.052108,38.024528,0
-111.596378,39.001401,1
-111.596378,39.001401,0
-109.776597,39.660107,0
-111.179958,39.527235,0
-111.179958,39.527235,1
-109.408881,37.713827,0
-112.641232,37.756786,0
-112.641232,37.756786,1
-113.381324,37.569602,0
-113.952217,38.480673,0
-110.409502,40.608009,0
-110.409502,40.608009,1
-111.119419,37.546635,0
-112.030537,38.08507,0
-112.241975,37.754651,0
-110.791153,40.184546,0
-113.112044,38.02533,0
-109.075647,37.524221,0
-111.2935,40.785572,0
-111.2935,40.785572,1
-112.086808,38.439344,0
-111.794731,37.544069,0
-110.583802,40.199176,0
-110.650648,39.889891,0
-110.49171,38.085606,0
-109.744856,37.988017,0
-112.163595,39.208448,0
-112.313261,38.121767,0
-109.074843,39.643436,0
-111.221366,37.365586,0
-110.465868,39.878339,0
-111.81338,39.526559,0
-112.247663,37.89962,0
-111.398374,38.401205,0
-112.197228,37.674251,0
-112.045157,39.16543,0
-110.47311,40.649462,0
-113.528615,41.839986,0
-112.537281,38.077432,0
-109.454711,40.822706,0
-109.614789,39.615839,0
-112.254213,37.721735,0
-111.620856,37.313571,0
-109.761856,40.825617,0
-112.539102,40.414798,0
-109.856308,38.39554,0
-109.353848,37.842958,0
-113.009877,37.457922,0
-111.002276,39.933668,0
-112.598986,38.116063,0
-111.870885,39.436228,0
-110.131246,40.901137,0
-109.706838,39.051892,0
-109.303391,37.625315,0
-109.938381,40.919274,0
-111.349727,39.793522,0
-111.349727,39.793522,1
-109.751317,37.629657,0
-111.17334,40.919333,0
-111.17334,40.919333,1
-112.052584,39.882112,0
-111.738471,37.897245,0
-111.738471,37.897245,1
-113.376055,41.955078,0
-109.638357,40.604423,0
-109.638357,40.604423,1
-111.682263,38.1297,0
-113.540367,39.003226,0
-112.756851,40.053805,0
-111.358338,40.565383,0
-111.358338,40.565383,1
-110.729494,39.237472,0
-112.290648,37.532997,0
-109.494985,39.20231,0
-109.247548,37.57413,0
-111.827683,37.206775,0
-113.341637,37.502628,0
-112.22434,39.475366,0
-111.606578,41.054562,0
-112.829843,37.45799,0
-110.385497,40.123944,0
-111.399965,38.579872,0
-111.07856,40.682034,0
-110.41116,39.700889,0
-110.41116,39.700889,1
-110.011445,37.745369,0
-113.32058,37.430701,0
-112.260183,38.079874,0
-111.91013,38.352023,0
-109.401836,40.862436,0
-109.925979,37.314448,0
-111.464084,38.847235,0
-111.464084,38.847235,1
-111.335362,37.316776,0
-111.019208,40.682348,0
-112.949433,38.297095,0
-111.17464,39.389193,0
-109.138691,39.554935,0
-111.346568,39.657213,0
-110.020272,39.159041,0
-112.87163,37.002599,0
-110.241407,39.429586,0
-110.248368,39.391717,0
-111.729669,41.869581,0
-110.700827,37.020331,0
-109.338547,38.29529,0
-111.236369,40.246559,0
-111.236369,40.246559,1
-112.852973,38.314539,0
-112.434132,38.66333,0
-109.808301,40.964087,0
-111.383392,39.826302,0
-110.581667,40.237307,0
-113.518712,38.052903,0
-113.602209,37.334368,0
-111.632759,37.996481,0
-111.632759,37.996481,1
-112.478097,37.848862,0
-110.152378,37.814029,0
-113.192676,37.029597,0
-109.512385,38.076139,0
-111.985601,39.660191,0
-110.651024,40.156497,0
-112.862504,37.171805,0
-111.474493,39.845209,0
-110.833159,38.038129,0
-111.792013,37.767976,0
-109.874119,40.869314,0
-112.579926,37.130599,0
-110.37252,39.612866,0
-109.646429,40.462755,0
-111.410037,38.755595,0
-109.191609,39.334034,0
-111.912813,38.530742,0
-113.155642,37.566791,0
-111.712655,40.601499,0
-112.241671,40.512607,0
-111.587944,40.203888,0
-111.951079,41.369619,0
-113.812683,40.073393,0
-112.839042,38.286208,0
-109.099558,38.785867,0
-111.582842,39.974558,0
-111.582842,39.974558,1
-110.528532,40.788819,0
-111.696698,38.801702,0
-111.173733,40.157664,0
-111.173733,40.157664,1
-110.524043,40.874769,0
-110.524043,40.874769,1
-113.925327,38.408714,0
-111.772047,40.563828,0
-113.712365,37.372602,0
-111.704883,39.56877,0
-111.591326,40.609556,0
-111.591326,40.609556,1
-112.082289,37.719347,0
-111.821682,40.108512,0
-112.130378,37.67341,0
-109.605039,39.292477,0
-109.605039,39.292477,1
-113.514621,38.284877,0
-113.480733,39.003892,0
-112.06845,37.406707,0
-110.64846,40.471268,1
-110.64846,40.471268,0
-112.023419,37.678004,0
-111.514045,38.489334,0
-112.438983,38.480497,0
-111.971526,38.350254,0
-110.823792,38.985482,0
-113.176007,41.893043,0
-111.869527,37.700368,0
-112.348117,37.79076,0
-109.98009,37.357113,0
-112.828233,38.343401,0
-112.828233,38.343401,1
-112.682122,37.26778,0
-112.127424,37.447271,0
-113.970918,39.754459,0
-113.970918,39.754459,1
-112.018905,39.087462,0
-111.242053,39.65471,0
-109.149791,39.014848,0
-112.52879,40.145534,0
-112.58554,37.717349,0
-109.53323,39.61496,0
-114.005675,41.563119,0
-112.412262,37.400875,0
-112.421682,38.124034,0
-112.149996,38.258409,0
-112.652784,38.070395,0
-111.647099,39.750072,0
-111.647099,39.750072,1
-111.745819,38.040668,0
-112.147888,38.213226,0
-113.296268,38.5105,0
-109.813702,37.315895,0
-110.177388,40.645871,0
-110.177388,40.645871,1
-111.431004,40.30864,0
-111.431004,40.30864,1
-111.692622,38.619558,0
-111.692622,38.619558,1
-112.691943,37.309019,0
-113.85627,38.839258,0
-111.590996,40.333365,0
-111.590996,40.333365,1
-113.03212,37.387417,0
-113.03212,37.387417,1
-113.712794,37.512746,0
-113.186361,37.951342,0
-112.103796,39.748001,0
-112.485796,37.940062,0
-110.771959,39.888707,0
-112.071033,37.355917,0
-113.257515,37.345561,0
-109.552411,39.379247,0
-111.463533,37.369202,0
-111.664735,41.641952,0
-109.451474,38.436998,0
-111.755353,41.673169,0
-111.755353,41.673169,1
-110.010467,39.706318,0
-110.124946,39.34204,0
-111.529045,39.93237,0
-112.453807,39.695632,0
-109.584864,37.669953,0
-111.457638,38.622295,0
-111.358296,39.885798,0
-110.652587,39.977316,0
-111.06168,40.880883,0
-111.06168,40.880883,1
-111.358924,41.145137,1
-111.358924,41.145137,0
-109.934765,40.871613,0
-112.091764,38.625233,0
-109.292305,38.02906,0
-111.611452,41.81388,0
-112.147974,39.090857,0
-109.676115,40.932873,0
-109.086191,39.468426,0
-111.347918,40.110794,0
-111.293905,39.077505,0
-111.240215,40.562712,0
-111.240215,40.562712,1
-111.520329,38.670975,0
-110.594786,40.111594,0
-111.169964,37.995997,0
-111.814474,38.934777,0
-113.980363,38.364368,0
-110.421756,39.974177,0
-111.229371,39.749525,0
-112.019165,37.585028,0
-112.232625,39.833861,0
-112.537832,37.80331,0
-110.650274,40.114037,0
-111.96572,37.589245,0
-113.603423,38.786336,0
-110.87268,39.704408,0
-109.144068,39.424337,0
-113.666031,41.501165,0
-113.509648,41.948475,0
-114.03455,37.530769,0
-110.097272,37.58125,0
-110.37674,40.99449,0
-110.37674,40.99449,1
-109.950409,39.701303,0
-112.001355,40.465666,0
-110.477228,39.791952,0
-111.470169,40.560358,0
-112.212016,38.710351,0
-111.521143,38.396402,0
-112.082594,41.913284,0
-113.508869,38.101133,0
-111.642671,39.931841,0
-111.642671,39.931841,1
-112.22187,39.613826,0
-109.767036,39.05312,0
-111.52305,38.802824,0
-111.350155,39.210682,0
-110.756894,40.299742,0
-110.409543,40.520944,0
-112.021372,37.403039,0
-111.621362,37.857756,0
-112.832291,38.247657,0
-111.960827,37.809955,0
-113.203237,37.252411,0
-109.284384,38.342548,0
-111.746701,41.989617,0
-111.274894,37.940684,0
-113.918146,39.807991,0
-113.918146,39.807991,1
-111.521365,39.115508,0
-111.521365,39.115508,1
-113.696513,41.613103,0
-110.345796,39.843536,0
-109.842171,39.561814,0
-111.421988,41.280726,0
-109.931942,40.828748,0
-110.56518,40.54774,0
-111.293131,39.165934,0
-112.545366,38.296911,0
-109.187224,37.80134,0
-109.779895,39.524814,0
-109.609349,39.207372,0
-109.609349,39.207372,1
-111.798575,39.863435,0
-113.561303,38.277366,0
-113.555367,38.435496,0
-112.0306,41.368948,0
-111.97488,37.546732,0
-109.584793,37.713361,0
-111.90977,37.856581,0
-111.90977,37.856581,1
-110.652356,39.706461,0
-113.794215,37.963796,0
-109.490099,39.161356,0
-111.394029,37.408225,0
-113.274025,37.65723,0
-110.695192,40.069357,0
-112.768504,37.84626,0
-112.539139,38.124407,0
-113.925104,39.984237,0
-113.205623,37.385005,0
-112.198951,39.587498,0
-110.944137,40.026211,0
-110.944137,40.026211,1
-112.230023,39.655711,0
-111.167272,40.421157,0
-109.343959,40.600556,0
-113.630883,38.061044,0
-111.233128,40.87981,0
-111.233128,40.87981,1
-109.633504,37.852328,0
-109.635407,40.825712,0
-109.635407,40.825712,1
-109.175259,38.111781,0
-111.561658,38.543958,0
-111.401451,38.444472,0
-111.530655,40.200536,0
-112.524296,37.264319,0
-112.412381,37.049004,0
-110.521008,40.965612,0
-110.097515,37.361152,0
-109.135553,37.621942,0
-113.575397,39.634557,0
-109.263118,39.331724,0
-111.601772,41.328382,0
-111.601772,41.328382,1
-112.044314,39.202522,0
-109.071241,38.979786,0
-112.057561,37.049309,0
-109.525144,37.762028,0
-111.692147,39.075903,0
-111.536758,38.066615,0
-112.478095,37.808692,0
-111.584305,39.708174,0
-111.346184,40.299632,0
-111.346184,40.299632,1
-110.685015,39.683208,0
-111.232354,40.15879,0
-111.232354,40.15879,1
-112.759474,37.760263,0
-113.893577,37.687863,0
-112.277809,38.659305,0
-111.540591,41.150424,0
-109.871431,37.722178,0
-111.019429,37.932884,0
-109.217752,40.728772,0
-110.462838,40.698581,0
-112.701577,37.535054,0
-113.796333,38.144008,0
-110.052524,40.876152,0
-109.179927,40.371547,0
-113.926214,38.629139,0
-109.861306,39.548607,0
-111.559661,41.990864,0
-111.559661,41.990864,1
-111.593604,40.286659,0
-112.794271,38.31368,0
-109.0927,39.404822,0
-111.750597,38.982708,0
-111.082682,38.016916,0
-111.476997,40.332771,0
-113.818734,41.698702,0
-110.180928,40.377509,0
-110.73531,40.624995,0
-111.05353,40.42783,0
-111.395161,38.678517,0
-111.224464,38.265962,0
-109.074126,38.528464,0
-109.321471,39.292001,0
-111.339171,38.216277,0
-112.309507,38.211404,0
-109.193368,37.894592,0
-113.867178,38.543113,0
-113.650363,41.881602,0
-112.400114,39.97082,0
-111.98592,39.525134,0
-113.312393,37.291485,0
-109.451747,38.705893,0
-109.666418,39.657054,0
-111.345646,37.952531,0
-109.896965,39.069578,0
-113.510482,38.148575,0
-110.939541,39.570469,0
-111.125536,40.517663,0
-111.125536,40.517663,1
-112.314612,38.523222,0
-111.50591,37.409924,0
-113.375099,37.708133,0
-113.723154,39.226178,0
-109.640478,37.672439,0
-110.246594,39.789346,0
-111.631487,39.028363,0
-111.631487,39.028363,1
-110.028287,37.85507,0
-112.910466,38.320455,0
-111.808774,39.386173,0
-112.157851,37.331582,0
-110.531519,40.158317,0
-112.138007,37.943879,0
-110.824359,38.673315,0
-109.063355,40.963497,0
-111.004269,40.116702,0
-111.004269,40.116702,1
-112.990642,37.752581,0
-111.821131,39.20152,0
-111.766798,40.65109,0
-112.089054,38.080627,0
-110.110499,40.82745,0
-113.987237,38.500619,0
-113.656997,37.424689,0
-112.819522,37.796495,0
-109.950781,37.746769,0
-112.260093,37.846449,0
-112.260093,37.846449,1
-113.550484,37.605661,0
-109.755558,37.669139,0
-110.27808,38.323595,0
-109.775313,39.612033,0
-110.766639,40.607727,0
-114.00299,37.984111,0
-112.001018,38.558049,0
-113.84771,37.53641,0
-110.701303,40.602835,0
-111.112319,37.724921,0
-112.040574,38.265744,0
-110.766704,37.99794,0
-111.354442,39.613538,0
-110.250528,39.163943,0
-110.884033,40.017641,0
-111.606999,37.651084,0
-111.664081,41.960283,0
-109.105736,40.90763,0
-112.032722,38.310127,0
-113.715546,39.17924,0
-110.998152,40.787639,0
-111.11535,39.88749,0
-110.504435,38.823954,0
-111.227109,39.434906,0
-111.227109,39.434906,1
-109.101662,38.523202,0
-111.295582,39.436315,0
-111.46197,37.904994,0
-111.286459,38.129416,0
-111.292073,40.475381,0
-112.256368,38.301741,0
-113.879674,37.37413,0
-113.659706,39.183815,0
-111.511985,37.990971,0
-111.511985,37.990971,1
-110.245703,39.884927,0
-112.625713,37.036392,0
-110.467026,40.828349,0
-112.332629,38.88597,0
-110.647679,40.339429,0
-111.837817,41.013313,0
-110.82751,39.751403,0
-112.189061,37.587293,0
-109.064777,38.068697,0
-111.771789,40.876442,0
-111.771789,40.876442,1
-114.03403,38.142048,0
-109.924024,37.763522,0
-113.916087,37.128955,0
-112.181875,37.133939,0
-113.54727,37.472468,0
-112.080444,38.124601,0
-110.184829,39.975713,0
-111.910155,37.950324,0
-111.910155,37.950324,1
-111.410598,39.656797,0
-112.260494,38.34831,0
-110.187725,39.523083,0
-110.187725,39.523083,1
-112.823188,38.067362,0
-111.259868,38.02373,0
-111.855184,37.718077,0
-112.5996,38.438364,0
-112.814406,37.754475,0
-109.093333,39.063129,0
-113.157098,41.845241,0
-110.951537,40.559736,0
-110.122355,39.656439,0
-110.132287,39.434449,0
-112.53494,40.32766,0
-112.644388,37.805723,0
-111.780021,40.689972,0
-112.160056,38.193562,0
-109.729476,39.33611,0
-112.264691,38.983203,0
-111.720948,41.911606,0
-109.164615,40.772266,0
-112.583377,40.015747,0
-111.347274,39.570398,0
-111.347274,39.570398,1
-109.062684,38.907046,0
-111.825815,40.467361,0
-112.797067,37.826708,0
-111.41036,37.909315,0
-109.28591,38.253988,0
-112.543623,38.026558,0
-113.999274,37.50732,0
-111.381314,41.178354,0
-112.021401,37.490544,0
-110.290212,40.517485,0
-111.80446,38.753667,0
-109.107473,40.589661,0
-112.924604,37.34507,0
-111.625819,37.541141,0
-114.016087,37.902582,0
-109.576926,37.900565,0
-112.29656,37.264938,0
-111.959928,37.274159,0
-113.44597,39.678087,0
-111.755463,39.477562,0
-113.222399,41.850642,0
-111.375393,40.309351,0
-111.420836,40.970352,0
-112.421979,38.168758,0
-111.762334,39.837886,0
-109.421301,38.635261,0
-112.542232,38.434723,0
-112.41082,37.264009,0
-112.412306,37.356641,0
-111.236393,40.06858,0
-111.236393,40.06858,1
-112.925862,37.704541,0
-112.925862,37.704541,1
-109.774168,39.431746,0
-112.374042,38.570238,0
-112.986452,41.850885,0
-111.290053,39.39352,0
-111.290053,39.39352,1
-112.953132,40.596177,0
-111.455559,38.217204,0
-111.455559,38.217204,1
-113.082315,37.209181,0
-111.28366,37.99295,0
-109.283536,39.488613,0
-111.001313,39.703503,0
-111.001313,39.703503,1
-111.82988,40.512612,0
-110.652998,40.377129,0
-109.108896,38.337001,0
-111.32023,38.102909,0
-112.580746,37.354719,0
-111.237048,39.304862,0
-111.343449,38.851731,0
-112.093745,39.086152,0
-112.137553,39.504168,0
-111.18037,39.481249,0
-111.18037,39.481249,1
-111.529559,40.559902,0
-111.529559,40.559902,1
-111.821592,39.470389,0
-113.264454,37.382103,0
-111.387214,40.235095,0
-112.489587,38.345322,0
-111.414476,40.69838,0
-111.414476,40.69838,1
-110.88458,38.763121,0
-111.17393,38.895376,0
-109.341721,38.525829,0
-112.331943,39.291231,0
-110.050368,40.60028,0
-110.050368,40.60028,1
-111.914371,38.03577,0
-112.481111,38.471624,0
-112.481111,38.471624,1
-110.553665,40.625335,0
-110.553665,40.625335,1
-112.279964,39.609553,0
-111.058952,40.024441,1
-111.058952,40.024441,0
-110.0453,37.497859,0
-110.466901,40.561745,0
-109.92164,37.446787,0
-112.015482,37.35721,0
-111.2945,39.205968,0
-110.704749,39.70761,0
-109.926236,37.894922,0
-111.62153,37.724029,0
-112.807232,37.005862,0
-111.716593,39.010179,0
-109.116524,40.54818,0
-109.699608,37.540838,0
-110.815817,40.927031,0
-110.815817,40.927031,1
-112.439817,38.75141,0
-111.545139,37.652492,0
-113.090358,37.387746,0
-112.754528,37.48511,0
-112.754528,37.48511,1
-111.000471,39.752034,0
-111.000471,39.752034,1
-112.34912,39.843383,0
-112.494644,38.390341,0
-111.126569,39.489853,0
-111.126569,39.489853,1
-111.629131,38.528642,0
-113.295742,38.468424,0
-110.111437,40.606594,0
-113.786891,41.583296,0
-111.119929,37.314181,0
-109.948878,39.260081,0
-112.443846,37.336755,0
-112.768971,37.377486,0
-112.466028,37.435039,0
-111.646388,40.697917,1
-111.646388,40.697917,0
-109.588657,37.39825,0
-111.691846,39.158972,0
-110.246356,40.541631,0
-109.404216,38.258811,0
-112.563763,41.724343,0
-111.589326,39.930927,0
-109.069199,37.663016,0
-111.634671,38.171229,0
-111.339401,38.4858,0
-109.106167,40.822288,0
-109.257726,39.419238,0
-111.528626,40.518225,0
-111.528626,40.518225,1
-112.976143,37.085266,0
-111.470038,40.694212,0
-112.34377,40.01413,0
-109.809947,37.397936,0
-109.588114,37.761513,0
-109.509344,38.255596,0
-110.657099,37.899657,0
-109.17602,38.071759,0
-112.635075,37.17374,0
-109.96056,39.163205,0
-110.533334,39.97764,0
-109.570446,40.555769,0
-111.826883,40.829874,0
-109.114613,38.298342,0
-109.46401,37.895671,0
-109.46401,37.895671,1
-109.894255,39.521709,0
-109.605997,39.38276,0
-112.520452,40.37467,0
-109.169056,40.816733,0
-111.064266,40.923687,0
-110.476319,38.9869,0
-109.979349,40.94477,0
-109.979349,40.94477,1
-113.426697,37.249198,0
-111.756545,39.527143,0
-112.627909,41.991041,0
-112.7429,37.082015,0
-110.042664,37.626176,0
-113.010254,40.49597,0
-112.564585,41.499037,0
-112.896843,38.432755,0
-109.166495,40.594399,0
-113.952932,37.82634,0
-112.315286,41.996027,0
-111.958548,37.671811,0
-112.339002,39.788076,0
-109.204335,39.567335,0
-109.581505,40.868865,0
-109.462006,38.030814,0
-112.352948,39.964856,0
-111.764511,39.703939,0
-109.872072,37.628081,0
-112.978239,37.301326,0
-109.25787,39.378182,0
-113.180808,38.516955,0
-109.299249,37.714911,0
-109.174115,38.430009,0
-109.174115,38.430009,1
-109.3558,37.890738,0
-112.649955,37.672417,0
-112.649955,37.672417,1
-113.032191,37.482219,0
-113.032191,37.482219,1
-113.442149,37.656887,0
-109.07064,39.740888,0
-111.835837,41.237009,0
-111.835837,41.237009,1
-112.047329,41.707237,0
-112.047329,41.707237,1
-109.664357,39.468754,0
-111.348724,38.940427,0
-113.880229,37.324318,0
-111.237282,40.923295,0
-110.596978,39.70841,0
-110.596978,39.70841,1
-112.635849,37.308597,0
-111.525717,39.751708,0
-113.530458,37.577666,0
-111.843019,41.463029,0
-111.843019,41.463029,1
-113.947121,37.599499,0
-113.541835,37.288648,0
-109.368145,39.832874,0
-112.533765,37.372697,0
-109.3462,40.644824,0
-113.9213,39.715511,0
-111.522435,40.067566,0
-111.948953,38.155156,0
-110.876356,40.687623,0
-109.353035,37.714581,0
-111.40166,37.448554,0
-113.757739,38.069524,0
-113.757739,38.069524,1
-111.357058,41.55072,0
-111.357058,41.55072,1
-112.421057,38.441252,0
-110.469594,39.933333,0
-109.697804,37.717659,0
-113.436554,37.287921,0
-109.408205,40.644177,0
-113.694441,41.47336,0
-113.730418,38.012021,0
-109.64644,37.580784,0
-112.487184,38.253707,0
-112.487184,38.253707,1
-110.406134,40.832679,0
-111.239956,40.650194,0
-111.239956,40.650194,1
-111.507368,37.361735,0
-113.905533,37.539093,0
-110.767253,40.925001,0
-110.767253,40.925001,1
-109.599813,40.850755,0
-110.778835,38.133329,0
-112.707744,37.799656,0
-112.052966,37.70102,0
-111.482161,41.774516,0
-111.482161,41.774516,1
-113.29651,38.374003,0
-110.20957,38.032822,0
-109.229066,40.59416,0
-111.416896,41.149038,0
-111.527564,39.655936,0
-111.641358,39.975445,0
-112.523366,37.310347,0
-111.662364,41.09688,0
-111.662364,41.09688,1
-111.794774,37.857158,0
-111.91011,37.040187,0
-109.789218,39.025686,0
-111.252814,39.363678,0
-111.252814,39.363678,1
-111.47209,40.115505,0
-112.496806,38.657737,0
-114.008044,37.42078,0
-111.343707,39.03151,0
-109.050157,40.589131,0
-113.177616,38.604207,0
-114.039525,38.042396,0
-111.174,39.441323,0
-111.174,39.441323,1
-111.473893,40.833059,0
-111.473893,40.833059,1
-110.936795,40.474809,0
-110.936795,40.474809,1
-113.482206,37.24687,0
-111.836203,41.280492,0
-111.64675,39.702584,0
-110.532085,39.929834,0
-109.153609,38.053997,0
-111.640148,39.843768,0
-109.751141,37.809354,0
-109.520929,37.717373,0
-110.354001,40.292299,0
-112.24358,37.399716,0
-112.244691,37.355878,0
-110.766766,40.116614,0
-113.177096,38.3312,0
-109.465248,37.937347,0
-109.274906,38.658337,0
-110.229253,40.56296,0
-109.084982,39.025454,0
-111.678656,39.452278,0
-110.574842,40.977274,0
-110.574842,40.977274,1
-111.454716,38.5836,0
-111.300118,40.835498,0
-111.300118,40.835498,1
-111.34914,39.74671,0
-113.703913,38.726228,0
-111.456086,37.541534,0
-110.890317,40.670493,0
-111.057109,40.199971,0
-111.057109,40.199971,1
-112.04967,39.794844,0
-111.558896,38.041671,0
-111.821683,39.565449,0
-112.331692,41.950581,0
-111.184256,40.5672,0
-109.66282,39.608596,0
-109.894979,39.155844,0
-112.805255,37.215989,0
-112.388382,38.762027,0
-109.720771,40.847046,0
-109.720771,40.847046,1
-111.577882,39.615117,0
-112.298648,37.178299,0
-111.681512,37.858676,0
-110.149298,37.720245,0
-112.110349,37.780984,0
-113.436895,37.608597,0
-110.103442,37.623335,0
-111.575899,39.074023,0
-111.575899,39.074023,1
-112.060237,39.975387,0
-109.596827,38.181477,0
-109.180522,40.23536,0
-110.112765,40.649874,0
-111.415069,39.972598,0
-111.760748,39.296522,0
-113.403464,37.500207,0
-109.400671,40.95442,0
-110.652279,40.022917,0
-112.480999,38.162299,0
-111.228647,37.407701,0
-112.456312,39.881877,0
-109.293621,38.074425,0
-112.530699,37.40236,0
-111.724096,41.503246,0
-111.653927,37.659653,0
-109.867611,37.764343,0
-110.760999,40.695938,0
-111.27215,40.760511,0
-110.825476,39.838126,0
-110.435808,40.993809,0
-111.980905,39.253718,0
-112.290536,37.365959,0
-111.362216,41.593682,0
-111.362216,41.593682,1
-112.108888,39.704378,0
-112.035941,38.349522,0
-112.035941,38.349522,1
-111.125311,40.653473,0
-113.289953,41.981787,0
-113.244603,38.356115,0
-111.577119,38.980632,0
-111.989721,39.747087,0
-111.750224,38.486959,0
-111.750224,38.486959,1
-110.836969,39.923435,0
-110.764494,40.425189,0
-110.532624,40.648894,0
-112.314803,38.349809,0
-113.740141,38.142566,0
-111.105908,40.383257,0
-111.105908,40.383257,1
-111.236388,39.706202,0
-111.236388,39.706202,1
-113.493386,37.607132,0
-111.952644,37.048004,0
-112.465712,37.399881,0
-111.536731,41.191525,0
-111.536731,41.191525,1
-111.174592,39.840972,0
-112.470765,37.17279,0
-111.783098,41.593518,0
-111.748376,38.896021,0
-113.426232,39.189686,0
-111.413159,40.109321,0
-111.867111,39.343624,0
-112.684765,37.906484,0
-109.115134,40.410761,0
-111.457376,38.491725,0
-111.457376,38.491725,1
-112.578165,38.274254,0
-111.651057,40.338831,0
-111.929912,40.246939,0
-113.61043,37.569493,0
-113.478937,37.293207,0
-109.842212,39.203503,0
-111.800148,38.58003,0
-110.938508,40.114832,0
-109.222699,38.615898,0
-109.549521,39.42732,0
-111.339689,38.716676,0
-112.088475,38.302875,0
-112.66098,38.658045,0
-109.812249,40.78563,0
-112.749871,37.531807,0
-112.749871,37.531807,1
-112.980032,37.575161,0
-112.980032,37.575161,1
-110.591138,40.472722,0
-114.02428,39.713402,0
-112.334056,38.936495,0
-111.532103,39.841162,0
-112.589467,40.41369,0
-112.589467,40.41369,1
-111.291299,39.843378,0
-111.893765,41.188424,0
-111.233496,40.423339,0
-111.233496,40.423339,1
-110.885011,37.944362,0
-112.057764,37.084809,0
-112.955123,40.525634,0
-111.623493,41.667785,0
-111.449885,37.455621,0
-111.427563,41.105016,0
-110.228116,40.91835,0
-111.240201,41.104171,0
-111.240201,41.104171,1
-112.072201,37.952464,0
-112.527993,37.492364,0
-109.159607,38.879424,0
-113.107925,37.980599,0
-113.810433,37.061485,0
-112.578509,37.398595,0
-109.811922,37.809709,0
-113.949012,37.645694,0
-109.886132,40.687307,0
-109.116711,38.38394,0
-111.458834,38.352287,0
-110.299999,40.540558,0
-110.299999,40.540558,1
-113.801722,38.841103,0
-111.185986,40.299692,0
-111.185986,40.299692,1
-112.802614,37.172319,0
-110.045889,37.452523,0
-109.339259,38.435027,0
-112.096982,38.190447,0
-110.31744,40.994597,0
-110.31744,40.994597,1
-109.709443,40.466894,0
-113.809463,41.508887,0
-112.089099,38.216426,0
-112.529293,37.350828,0
-110.491324,40.619823,0
-109.244817,37.441742,0
-110.888902,40.152491,0
-110.830624,40.02356,0
-112.195202,39.98616,0
-110.884044,40.067695,0
-110.884044,40.067695,1
-111.57779,39.749871,0
-111.57779,39.749871,1
-111.891076,41.095803,0
-112.152551,38.803787,0
-112.47486,37.671009,0
-111.987969,39.83451,0
-112.922584,37.576518,0
-112.922584,37.576518,1
-109.334302,38.613231,0
-109.339375,39.405181,0
-109.703955,37.734676,0
-113.983746,41.516377,0
-109.278963,38.566276,0
-109.278963,38.566276,1
-109.421407,39.786896,0
-112.871255,37.665756,0
-109.294291,40.458165,0
-112.531436,37.895583,0
-109.695527,37.766316,0
-110.061015,40.513548,0
-111.75329,38.580958,0
-109.608904,39.473639,0
-111.23169,39.844262,0
-111.23169,39.844262,1
-111.617138,37.363759,0
-109.696,37.855318,0
-109.341403,38.249595,0
-110.928384,39.771637,0
-111.230059,39.347625,0
-110.304828,39.477725,0
-110.304828,39.477725,1
-109.126189,39.825497,0
-112.383711,39.992957,0
-113.929345,39.761567,0
-113.954812,37.912909,0
-111.966571,37.990446,0
-113.56343,38.106305,0
-113.975663,41.659735,0
-109.549229,39.246589,0
-113.519302,38.419047,0
-113.455199,39.770685,0
-113.823407,41.607328,0
-112.035622,38.669445,0
-111.47947,41.418757,0
-111.47947,41.418757,1
-112.407154,37.309657,0
-109.161242,38.615446,0
-111.352921,40.021173,0
-111.155986,40.764889,0
-111.114781,40.877908,0
-113.109834,39.961026,0
-111.737055,37.856043,0
-109.992673,40.830591,0
-111.87246,39.300089,0
-112.308939,37.766665,0
-113.445451,37.510629,0
-110.885334,39.748636,0
-109.356967,37.572364,0
-109.112993,38.149749,0
-112.482211,38.209015,0
-112.574692,38.688749,0
-112.544054,38.256263,0
-109.120717,38.91055,0
-111.113702,39.798247,1
-111.113702,39.798247,0
-111.563904,37.585089,0
-112.051396,38.638407,0
-112.832351,38.43024,0
-110.940235,39.891873,0
-109.099394,38.654808,0
-109.250629,39.55919,0
-112.051067,39.655841,0
-113.218697,38.279149,0
-113.536859,37.382089,0
-110.58952,39.934365,0
-111.19889,39.818614,0
-111.19889,39.818614,1
-111.984874,39.295211,0
-112.520823,37.129631,0
-109.714371,39.610615,0
-111.599199,41.105409,0
-111.543142,41.736028,0
-111.543142,41.736028,1
-112.300933,38.03387,0
-112.317903,38.618298,0
-112.477243,37.530534,0
-111.687245,38.939392,0
-110.972286,40.179666,0
-113.767793,37.989682,0
-112.020426,41.592462,0
-111.153892,39.819114,0
-111.153892,39.819114,1
-109.752919,37.716809,0
-111.2381,40.197915,0
-111.2381,40.197915,1
-112.231789,40.425298,0
-112.231789,40.425298,1
-112.930665,39.780016,0
-111.699631,39.436657,0
-110.26244,37.500938,0
-109.194724,39.642748,0
-111.236364,41.017399,0
-111.236364,41.017399,1
-110.237933,40.604227,0
-110.237933,40.604227,1
-111.479989,41.553131,0
-111.175012,40.651953,0
-111.626265,38.221928,0
-111.520876,38.627333,0
-111.520876,38.627333,1
-111.722255,41.324865,0
-111.292431,38.492838,0
-111.057609,37.271485,0
-112.371593,38.345595,0
-112.304495,37.811614,0
-111.235943,41.49897,0
-109.984923,37.493725,0
-110.607545,37.044203,0
-110.228516,40.78737,0
-113.677377,38.055238,0
-111.449979,37.99191,0
-111.171574,39.979379,0
-110.950484,40.373909,0
-110.950484,40.373909,1
-110.225786,40.651659,0
-110.31899,37.40981,0
-110.191801,39.298215,0
-112.32965,39.61476,0
-109.5492,39.203699,0
-112.096335,39.119154,0
-110.827983,39.214903,0
-112.471108,37.093771,0
-111.476735,40.925514,0
-109.920938,40.933937,0
-110.067348,39.616328,0
-111.531275,39.707691,0
-111.958444,41.553987,0
-109.526902,37.85442,0
-112.082781,38.169167,0
-109.282561,38.61706,0
-113.819386,37.237115,0
-110.088614,37.715711,0
-109.067118,39.82132,0
-109.204809,39.243022,0
-110.709837,38.085143,0
-112.692989,37.442267,0
-112.692989,37.442267,1
-109.234696,40.823078,0
-113.828401,37.423978,0
-109.367086,39.518727,0
-109.394989,38.74457,0
-110.595867,38.893128,0
-109.639152,40.872606,0
-111.480035,41.81854,0
-113.204047,37.433005,0
-109.97339,37.987499,0
-110.544019,40.018902,0
-112.523577,37.171356,0
-110.589604,39.971852,1
-111.746542,38.6238,0
-111.746542,38.6238,1
-109.806447,37.495651,0
-110.707173,38.808684,0
-111.917408,38.752394,0
-110.433166,38.125042,0
-112.159589,40.436028,0
-113.761896,38.820452,0
-110.103853,38.24211,0
-109.295045,40.730318,0
-109.295045,40.730318,1
-109.163501,38.567805,0
-111.790938,38.596731,0
-113.768115,37.514333,0
-111.929136,39.385864,0
-109.216927,40.86373,0
-111.060454,39.30543,0
-111.350965,40.521461,0
-110.25967,37.581679,0
-111.658155,41.690191,0
-109.399074,40.826725,0
-109.399074,40.826725,1
-111.604373,41.957053,0
-111.604373,41.957053,1
-110.22992,40.694136,0
-110.463695,40.9649,0
-112.766924,38.158658,0
-111.561236,40.317873,0
-109.490056,39.511901,0
-111.944174,38.641441,0
-113.82751,37.333261,0
-110.140721,37.681395,0
-111.410689,41.822014,0
-111.410689,41.822014,1
-112.725998,38.527028,0
-111.059041,40.695356,0
-113.934776,37.285135,0
-109.114964,40.369421,0
-112.547616,38.480019,0
-112.588569,37.44289,0
-113.090068,37.482139,0
-110.466025,40.874236,0
-111.529799,39.883619,0
-112.916066,37.212339,0
-111.651933,41.277575,0
-111.420542,38.517063,0
-111.359368,40.152885,0
-112.549935,38.393697,0
-111.469344,40.611642,0
-111.469344,40.611642,1
-111.940858,40.290135,0
-112.579068,37.083854,0
-109.163862,38.520487,0
-109.163862,38.520487,1
-109.057508,40.32542,0
-109.132235,37.758448,0
-114.02209,41.291191,0
-111.06035,39.978833,0
-111.294932,40.560869,0
-113.584312,38.46098,0
-113.039846,37.614713,0
-113.039846,37.614713,1
-112.294265,40.380258,0
-111.406534,38.982754,0
-111.345408,39.162305,0
-113.710024,41.878459,0
-113.578018,37.574659,0
-112.306133,37.489185,0
-111.453343,37.861295,0
-113.728543,38.092821,0
-111.766157,39.926563,0
-109.942074,40.600486,0
-109.942074,40.600486,1
-109.97412,37.717138,0
-110.091309,40.500602,0
-110.591531,40.611589,0
-112.293435,37.218323,0
-111.003992,39.52452,0
-109.915873,39.547006,0
-109.190038,37.616452,0
-111.395594,37.544827,0
-113.713275,37.557038,0
-111.343409,38.172285,0
-109.23858,38.115479,0
-110.036456,37.678468,0
-109.505914,38.434581,0
-111.625826,37.678775,0
-111.335399,37.361469,0
-109.746533,40.650313,0
-112.187076,37.76249,0
-112.23654,37.136293,0
-109.859891,37.948065,0
-111.660211,41.868673,0
-110.635518,39.272557,0
-111.296337,40.296049,0
-111.296337,40.296049,1
-111.90685,37.765858,0
-111.90685,37.765858,1
-111.857173,38.031803,0
-111.857173,38.031803,1
-109.479813,37.798641,0
-109.380265,39.334014,0
-110.827281,40.516086,0
-110.827281,40.516086,1
-112.429136,38.29935,0
-111.645421,38.14677,0
-111.178324,40.332663,0
-109.655936,39.501597,0
-112.857474,37.033771,0
-111.794622,37.012156,0
-112.317933,38.077265,0
-112.58506,37.493045,0
-110.764063,40.065547,0
-109.584956,37.626644,0
-109.519867,40.822375,0
-113.162325,39.824759,0
-111.060344,39.801523,0
-111.060344,39.801523,1
-111.416828,41.331586,0
-111.416828,41.331586,1
-111.211851,40.762252,0
-112.150413,39.023208,0
-112.150413,39.023208,1
-111.538693,41.369913,0
-111.538693,41.369913,1
-112.288482,39.285651,0
-112.37873,38.61743,0
-113.852083,38.052231,0
-112.16187,39.156612,0
-111.59737,41.372925,0
-112.286987,39.92152,0
-109.729714,39.069007,0
-111.856749,37.678319,0
-110.885028,38.848881,0
-109.367044,39.605498,0
-111.484036,41.911552,0
-109.432549,39.607335,0
-111.678003,37.410318,0
-111.701761,39.8875,0
-111.701761,39.8875,1
-110.088365,37.899178,0
-109.999431,40.737856,0
-111.211938,38.878089,0
-111.733947,37.356658,0
-111.119637,38.402528,0
-111.177585,41.017469,0
-111.177585,41.017469,1
-113.091506,37.438845,0
-110.70172,40.566534,0
-110.70172,40.566534,1
-111.976543,38.618101,0
-110.532138,39.340418,0
-110.031122,37.189264,0
-111.734568,37.808241,0
-114.032704,38.184025,0
-111.822943,37.696382,0
-109.812741,37.893673,0
-109.130865,37.712272,0
-111.63423,38.982415,0
-112.778588,38.480637,0
-111.343658,40.82939,0
-112.132141,37.354679,0
-113.460229,38.236359,0
-109.053775,39.06874,0
-112.299116,40.468062,0
-110.355527,39.657864,0
-112.581752,39.965102,0
-111.513125,37.54278,0
-111.690939,38.983559,0
-110.88031,37.965016,0
-111.227535,38.127034,0
-113.714025,37.421801,0
-110.291744,40.560693,0
-113.851228,37.62091,0
-110.18533,40.556471,0
-112.248325,37.586932,0
-110.24544,39.660101,0
-113.606618,37.297965,0
-113.707424,37.244644,0
-111.358475,41.327344,0
-111.358475,41.327344,1
-110.586289,40.016396,0
-110.879741,40.567276,0
-110.879741,40.567276,1
-111.518794,38.985908,0
-111.288777,40.422566,0
-112.434975,38.619557,0
-111.525003,40.475288,0
-112.02884,39.951428,0
-110.822336,40.066418,0
-111.660382,41.194905,0
-109.546834,39.472369,0
-111.588846,40.696818,0
-111.588846,40.696818,1
-111.408903,39.931819,0
-111.470914,39.977047,0
-110.771523,38.988279,0
-111.694436,39.476931,0
-109.091326,39.50618,0
-112.222518,38.88564,0
-112.637352,40.104096,0
-111.755615,39.613292,0
-109.345873,38.211828,0
-112.095464,38.841597,0
-111.631118,37.767364,0
-110.561235,38.823447,0
-111.653241,40.786844,0
-109.816094,40.874962,0
-109.816094,40.874962,1
-111.703096,39.526203,0
-109.753329,37.944714,0
-109.875805,37.494902,0
-113.201881,37.340686,0
-111.054454,37.90644,0
-111.815395,40.564046,0
-109.233081,40.232055,0
-109.866004,37.99195,0
-110.060899,39.794327,0
-110.480494,39.074025,0
-110.175736,40.692618,0
-111.121231,39.839315,0
-111.953456,37.285028,0
-109.587796,40.418512,0
-109.186423,38.53585,0
-113.757659,38.685296,0
-113.591054,41.888822,0
-113.214596,37.74718,0
-109.583764,37.577008,0
-113.537334,39.052313,0
-110.823817,40.696637,0
-111.665263,40.794324,0
-111.665263,40.794324,1
-112.079334,37.853748,0
-111.620887,37.812461,0
-109.327849,39.236889,0
-111.045605,37.770149,0
-111.296153,39.662956,0
-111.296153,39.662956,1
-109.239508,39.927825,0
-112.217292,38.854141,0
-109.467289,39.489635,0
-111.059578,40.158109,0
-113.739729,38.185695,0
-112.582682,37.261294,0
-112.033505,38.218124,0
-110.716677,40.65374,0
-110.716677,40.65374,1
-110.311382,38.127994,0
-109.237316,38.024043,0
-109.695538,40.69155,0
-109.089347,39.375307,0
-113.095873,37.526233,0
-113.095873,37.526233,1
-111.399764,39.031133,0
-111.796215,37.225877,0
-110.594537,38.989689,0
-109.809933,37.758029,0
-111.86842,39.477427,0
-112.615926,38.487169,0
-109.147802,39.375618,0
-111.603516,41.911879,0
-111.603516,41.911879,1
-110.417976,40.108126,0
-112.955721,38.83489,0
-110.822666,40.562147,0
-109.755192,37.854632,0
-111.569805,39.254273,0
-113.141475,37.391266,0
-109.552675,39.28882,0
-112.198227,37.338987,0
-112.756057,40.011231,0
-111.647387,40.924809,0
-113.658578,37.472074,0
-111.469751,39.4791,0
-113.574636,38.373364,0
-109.639268,40.511888,0
-113.150626,37.524141,0
-111.694917,38.710938,0
-112.090232,37.251295,0
-110.764613,40.517408,0
-109.81341,37.632399,0
-112.634259,38.68894,0
-110.594736,39.304841,0
-111.529483,40.106334,0
-110.829964,40.886382,0
-110.829964,40.886382,1
-112.297264,40.421861,0
-112.275814,37.004427,0
-110.30715,39.921311,0
-112.653986,38.118173,0
-112.975847,37.712216,0
-112.063379,40.472586,0
-110.082924,38.256791,0
-112.297674,37.994675,0
-113.825834,37.512326,0
-113.820521,40.123061,0
-109.825378,39.472509,0
-109.694462,37.894539,0
-109.890728,39.661014,0
-111.459807,37.725746,0
-111.297155,37.81791,0
-113.407015,41.661187,0
-113.442328,37.696144,0
-111.743074,37.679587,0
-111.340902,38.132919,0
-111.340902,38.132919,1
-111.174138,40.968518,0
-111.174138,40.968518,1
-111.741735,37.950914,0
-111.741735,37.950914,1
-109.605513,40.935883,0
-110.76291,39.973873,0
-109.879335,40.557753,0
-111.409385,40.563864,0
-109.411628,37.804111,0
-110.235436,39.622348,1
-110.235436,39.622348,0
-112.158725,39.06923,0
-111.749529,38.356932,0
-110.647067,40.247379,0
-112.924822,37.931252,0
-109.524745,40.730602,0
-109.524745,40.730602,1
-109.576069,38.344078,0
-109.606642,39.428716,0
-112.149558,38.892984,0
-111.53104,40.427172,0
-113.459297,38.327326,0
-112.638432,37.257567,0
-109.338208,38.389972,0
-114.029811,41.109435,0
-111.231676,39.209626,0
-111.508893,37.317786,0
-112.597976,38.210165,0
-112.091445,38.394952,0
-110.531113,40.607577,0
-110.531113,40.607577,1
-111.898949,37.312345,0
-111.05662,39.342488,0
-112.203774,38.661282,0
-111.883765,37.292733,0
-109.166724,37.596446,0
-113.372968,37.476119,0
-111.606101,39.87005,0
-111.531337,40.15539,0
-110.301532,39.393591,0
-111.000681,40.876673,0
-110.597314,38.935631,0
-111.296079,39.70833,0
-109.089896,37.481109,0
-112.350279,37.039348,0
-113.122663,37.863238,0
-112.191153,37.366977,0
-109.463673,40.780845,0
-111.459747,38.042122,0
-111.459747,38.042122,1
-109.701023,40.776125,0
-111.52336,39.297946,0
-111.412761,39.844226,0
-113.234625,38.559651,0
-111.810312,40.802557,0
-111.931381,39.795943,0
-111.761109,39.344507,0
-113.921011,38.313584,0
-111.789017,41.183138,0
-109.409076,37.939137,0
-112.246979,37.630885,0
-109.718873,39.194407,0
-112.876585,38.289877,0
-109.340794,40.865552,0
-109.340794,40.865552,1
-110.144311,37.945514,0
-109.644282,40.689618,0
-109.338369,40.955003,0
-111.112747,40.018898,0
-111.112747,40.018898,1
-111.055973,40.566573,0
-111.055973,40.566573,1
-111.606156,41.642407,0
-109.190837,37.485345,0
-113.835502,37.955958,0
-110.706112,40.114732,0
-113.521681,38.556894,0
-112.808198,39.830297,0
-109.065897,38.024726,0
-111.508794,38.217507,0
-111.767172,40.920781,0
-112.652245,40.502517,0
-111.630454,38.62624,1
-111.630454,38.62624,0
-111.054255,40.243504,0
-113.310931,39.367779,0
-110.827137,40.430435,0
-110.762253,40.834446,0
-110.829688,37.050959,0
-111.485843,41.870616,0
-110.774563,38.713651,0
-112.531417,40.280642,0
-111.416375,40.789012,0
-110.997808,38.580793,0
-111.39673,37.945717,0
-111.69315,38.754166,0
-109.220477,38.74984,0
-109.976219,37.58654,0
-112.013485,37.538658,0
-111.748097,38.851454,0
-109.932724,40.784758,0
-111.998252,38.634014,0
-111.115798,39.432613,0
-109.924696,37.354959,0
-113.885351,37.986989,0
-109.819122,40.689132,0
-111.527703,39.16642,0
-111.460598,38.719172,0
-111.695646,38.894686,0
-111.054951,40.610635,0
-111.054951,40.610635,1
-113.349637,38.289564,0
-110.290504,40.604832,0
-110.355371,39.704713,0
-110.355371,39.704713,1
-112.762987,37.712911,0
-112.762987,37.712911,1
-111.349184,40.60746,0
-110.287413,40.919365,0
-109.563831,38.491251,0
-111.816471,39.431013,0
-113.291654,38.291477,0
-109.812287,40.83085,0
-112.604933,40.48221,0
-111.119083,37.814596,0
-109.176493,40.737546,0
-111.455441,37.402931,0
-112.700127,37.75222,0
-109.440021,39.246648,0
-109.076101,38.378033,0
-109.446133,37.690349,0
-109.134759,39.507396,0
-110.883942,40.292749,0
-110.765136,39.209444,0
-111.559347,37.409475,0
-111.289804,40.244365,0
-111.289804,40.244365,1
-112.851365,37.348367,0
-113.885871,38.906415,0
-112.297032,37.4444,0
-113.624123,38.376216,0
-111.28548,38.040185,0
-111.046856,40.747078,0
-111.641455,40.615264,0
-111.640361,38.894788,0
-111.354252,40.699223,0
-110.780726,37.051012,0
-111.722015,38.596243,0
-111.174364,40.252143,0
-112.242636,38.641911,0
-110.046963,40.738502,0
-111.972677,38.714718,0
-109.701367,37.673228,0
-112.886671,38.388073,0
-113.981791,37.378447,0
-111.239429,40.697499,0
-111.239429,40.697499,1
-113.522821,38.202789,0
-112.47014,40.465634,0
-113.565699,38.056699,0
-113.138484,37.028879,0
-111.46273,38.533506,0
-111.120542,41.642284,0
-110.359299,40.020516,0
-110.577239,40.140099,0
-110.225545,38.240709,0
-111.681634,37.319436,0
-109.445193,38.745646,0
-110.119704,39.978497,0
-110.891077,39.653207,0
-113.456202,38.106271,0
-111.472309,40.066656,0
-111.30455,41.415977,0
-111.627749,37.950412,0
-113.235382,38.602442,0
-110.521807,40.920295,0
-111.516226,37.499487,0
-111.981436,39.066838,0
-110.700854,40.926699,0
-111.378837,38.957613,0
-113.508383,38.321889,0
-112.580013,40.100712,0
-112.653706,37.627985,0
-111.40315,38.17365,0
-111.40315,38.17365,1
-110.033933,37.544167,0
-109.486411,39.650874,0
-109.139876,39.467087,0
-111.001893,40.021086,0
-111.001893,40.021086,1
-113.599367,39.044545,0
-112.594726,40.644035,0
-113.327993,37.611318,0
-109.523922,40.325038,0
-111.363785,41.644826,0
-109.286435,38.430544,0
-112.738382,37.830796,0
-111.902101,37.723479,0
-113.77684,37.644901,0
-111.525004,40.243645,0
-111.456039,38.128452,0
-109.227126,38.523278,0
-110.602359,37.905737,0
-112.367412,37.763311,0
-110.415344,40.560146,0
-110.415344,40.560146,1
-109.112382,38.42907,0
-109.112382,38.42907,1
-112.036732,37.249454,0
-111.600032,41.151689,0
-111.600032,41.151689,1
-111.81546,39.618358,0
-111.465064,39.931317,0
-111.599904,41.868987,0
-111.599904,41.868987,1
-109.751418,40.779412,0
-111.409726,39.348006,0
-110.876818,40.742399,0
-110.795475,39.239933,0
-110.09284,37.535829,0
-111.411928,39.615794,0
-112.94089,38.115345,0
-111.743674,37.766385,0
-111.29253,39.251376,0
-110.092061,38.078724,0
-109.558572,38.752732,0
-111.906713,41.270951,0
-111.650961,40.380556,0
-111.467891,40.152683,0
-112.65001,37.849373,0
-110.940114,37.95263,0
-109.187218,39.74031,0
-113.890144,41.923751,0
-113.890144,41.923751,1
-109.611839,39.070313,0
-112.828755,38.388381,0
-111.471574,39.343241,0
-112.312635,37.893625,0
-109.677509,38.618771,0
-112.097242,37.010533,0
-109.581945,40.692402,0
-109.581945,40.692402,1
-111.358546,41.733367,0
-111.358546,41.733367,1
-112.554842,38.661602,0
-112.267594,38.754575,0
-109.800913,39.550645,0
-111.954137,37.359591,0
-110.29331,38.244153,0
-112.880301,39.772418,0
-111.481046,41.59691,0
-111.003934,38.173442,0
-110.775455,38.175334,0
-111.514001,38.71541,0
-111.514001,38.71541,1
-112.232764,37.780982,0
-110.240974,39.708028,0
-112.2931,38.646444,0
-112.2931,38.646444,1
-112.471178,37.492226,0
-112.099874,38.805082,0
-110.591563,40.918901,0
-111.693121,37.587673,0
-110.649215,40.608934,0
-113.967754,37.614212,0
-111.457459,38.079542,0
-109.372916,39.20465,0
-112.092451,38.350514,0
-112.092451,38.350514,1
-110.940333,40.693962,0
-112.353845,37.536407,0
-110.471348,40.203945,0
-111.297933,40.384318,0
-111.297933,40.384318,1
-111.774123,41.326986,0
-111.401964,38.899596,0
-113.867092,38.411618,0
-111.344088,37.681148,0
-109.702223,37.493789,0
-111.35349,39.393945,0
-113.890936,38.469305,0
-113.999978,37.459784,0
-114.019375,41.247267,0
-110.467213,40.069782,0
-111.623585,40.317732,0
-112.222001,39.344995,0
-112.190677,37.900458,0
-109.471851,37.760441,0
-109.396749,40.687546,0
-113.326401,37.516829,0
-113.259797,37.481873,0
-111.003062,37.674057,0
-111.168385,38.088314,0
-110.047926,40.82785,0
-112.154291,37.007728,0
-111.686573,41.996872,0
-112.225192,39.432569,0
-112.757206,39.872797,0
-110.653957,39.119187,0
-111.919262,38.08129,0
-111.062106,40.788366,0
-111.062106,40.788366,1
-112.94854,40.678523,0
-113.81567,37.149929,0
-112.35217,37.441144,0
-111.225224,40.267567,0
-112.85702,37.476139,0
-110.658118,38.943999,0
-112.417579,37.446686,0
-112.54672,38.349833,0
-112.134624,37.588228,0
-111.410611,40.424673,0
-114.012215,38.358918,0
-111.601979,41.73665,0
-110.287366,40.787082,0
-111.010644,39.979896,0
-111.910102,37.630561,0
-111.54442,41.640268,0
-111.54442,41.640268,1
-110.483579,38.896682,0
-112.715055,38.161908,0
-111.462517,39.027715,0
-109.163104,38.395631,0
-111.175311,40.064296,0
-111.175311,40.064296,1
-113.542071,38.846694,0
-109.604418,39.649403,0
-111.498337,41.994888,0
-111.498337,41.994888,1
-112.09109,40.44001,0
-110.388002,40.540576,0
-110.388002,40.540576,1
-111.056109,40.113094,0
-111.056109,40.113094,1
-113.521847,38.464239,0
-113.587506,41.793008,0
-113.592326,38.638064,0
-109.392953,39.490735,0
-110.567193,40.993653,0
-110.567193,40.993653,1
-111.66164,41.329171,0
-111.578176,38.942695,0
-112.289296,40.010618,0
-109.164956,38.65861,0
-111.622543,37.58807,0
-110.119506,39.883333,0
-111.629823,38.035641,0
-111.629823,38.035641,1
-109.756297,39.128855,0
-112.465265,38.27746,0
-109.339533,40.823121,0
-109.339533,40.823121,1
-113.406812,41.846552,0
-112.137311,37.182081,0
-109.741885,39.539241,0
-111.964124,41.641653,0
-112.116828,40.334905,0
-109.699071,40.823034,0
-112.830263,38.477468,0
-111.167837,37.587911,0
-112.761738,37.666457,0
-112.071468,37.264674,0
-110.251643,39.34374,0
-109.578282,37.940733,0
-112.80509,37.348999,0
-112.706791,37.612318,1
-112.706791,37.612318,0
-111.79245,37.991574,0
-111.79245,37.991574,1
-109.756627,40.735705,0
-112.493188,38.570803,0
-113.895183,37.64539,0
-112.974077,37.484577,0
-110.890256,40.644317,0
-110.890256,40.644317,1
-109.800781,38.579147,0
-111.213729,40.676577,0
-111.213729,40.676577,1
-113.878626,40.075187,0
-112.183671,40.286293,0
-112.690388,37.347171,0
-112.164864,39.470525,0
-110.159877,39.633545,0
-111.985995,37.697052,0
-113.935271,37.367524,0
-110.120926,37.833892,0
-111.795323,41.221499,0
-111.307397,40.333244,0
-111.307397,40.333244,1
-110.292299,40.651135,0
-111.242938,40.380137,0
-111.242938,40.380137,1
-112.032726,38.531269,0
-111.530972,40.746555,0
-109.302926,39.73964,0
-110.524949,40.832487,0
-113.925538,41.980437,0
-113.651316,37.329225,0
-111.06406,40.385044,0
-111.638227,39.168748,0
-112.211126,39.115399,0
-111.723059,39.952089,0
-111.723059,39.952089,1
-113.826277,41.740515,0
-109.198815,39.421668,0
-111.308496,41.141452,0
-111.308496,41.141452,1
-113.112376,38.515711,0
-109.178819,38.158404,0
-109.576796,39.501132,0
-109.318901,39.382293,0
-113.875165,37.151705,0
-112.760079,39.965836,0
-111.288011,40.066123,0
-111.534215,40.332995,0
-112.559211,37.820384,0
-113.81409,39.938435,0
-111.340712,39.429276,0
-113.540061,37.416419,0
-109.406683,38.12321,0
-113.436178,37.477798,0
-111.234351,40.341658,0
-111.234351,40.341658,1
-109.93774,37.2991,0
-112.147294,38.488094,0
-113.327209,39.418205,0
-113.453386,38.15112,0
-110.579746,39.667191,0
-111.58813,40.065445,0
-111.294099,39.524042,0
-113.876807,37.281655,0
-113.788177,41.499826,0
-112.208706,38.934109,0
-114.019087,39.80456,0
-111.981201,39.024848,0
-111.738802,37.629514,0
-112.878057,37.7556,0
-112.2575,39.582151,0
-109.486954,39.738247,0
-111.516429,37.859089,0
-111.917478,39.300451,0
-113.677099,38.010306,0
-109.486765,38.554885,0
-113.879789,37.194083,0
-111.294666,39.796318,0
-111.294666,39.796318,1
-111.911493,37.990231,0
-109.881483,40.651603,0
-109.95742,39.20673,0
-111.509814,39.209106,0
-109.277129,38.747306,0
-113.294284,38.56177,0
-112.932773,37.753983,0
-114.000538,37.82518,0
-112.399902,39.925774,0
-110.709703,40.15879,0
-110.58674,40.790638,0
-111.340888,37.906329,0
-111.971101,38.034894,0
-112.695299,37.126565,0
-109.466964,37.533704,0
-111.768075,40.789866,0
-111.240459,41.417204,0
-109.871014,37.58578,0
-110.472692,39.83737,0
-112.191805,37.495409,0
-112.248684,37.991068,0
-112.248684,37.991068,1
-110.253093,37.757397,0
-112.887857,38.112737,0
-109.22674,38.569731,0
-111.230498,40.291934,0
-111.230498,40.291934,1
-112.880271,38.02815,0
-111.235223,40.112034,0
-112.356613,40.419093,0
-111.57744,38.215709,0
-110.763681,40.880807,0
-110.763681,40.880807,1
-112.179966,40.331222,0
-110.347689,40.696323,0
-111.222561,39.795388,0
-111.222561,39.795388,1
-113.373859,41.873438,0
-109.636718,37.806567,0
-111.692246,39.030865,0
-110.664662,37.044327,0
-109.459244,40.958869,0
-109.847043,39.616388,0
-111.67981,37.360927,0
-112.486866,38.301361,0
-112.486866,38.301361,1
-112.8026,37.2644,0
-113.744982,38.276818,0
-110.531248,40.430191,0
-113.077606,40.946626,0
-111.516047,40.757413,0
-112.829967,38.519128,0
-110.765147,39.750596,0
-111.690789,37.627332,0
-109.814619,39.133433,0
-111.745443,40.718171,0
-111.000969,40.740117,0
-111.000969,40.740117,1
-112.899146,37.377543,0
-111.110208,38.222583,0
-109.70736,39.653947,0
-111.706453,40.781213,0
-111.978412,37.787062,0
-109.579709,40.734772,0
-111.479343,41.285314,0
-111.479343,41.285314,1
-111.965781,41.597233,0
-113.003175,40.451324,0
-111.724366,41.370576,0
-111.724366,41.370576,1
-110.803142,39.771739,0
-109.12819,39.782979,0
-109.66416,39.29648,0
-111.722194,41.19465,0
-111.269776,39.823349,0
-111.269776,39.823349,1
-110.645327,40.737614,0
-111.948186,41.44978,0
-110.442567,39.676356,0
-110.442567,39.676356,1
-109.646784,40.103977,0
-113.526799,38.508757,0
-109.726582,39.564755,0
-111.306094,40.159314,0
-109.993521,40.691789,0
-111.830576,41.191673,0
-112.612815,41.680559,0
-111.645681,39.883058,0
-111.725776,41.821988,0
-109.575187,40.824335,0
-112.855902,37.081693,0
-112.321682,38.752993,0
-110.038405,37.268864,0
-109.297627,38.198854,0
-110.065818,37.37856,0
-109.326778,38.795468,0
-110.769764,40.650357,0
-109.282888,38.478407,0
-109.282888,38.478407,1
-113.315022,38.362255,0
-110.254671,38.220676,0
-110.530832,40.697262,0
-111.395861,38.220562,0
-109.16441,40.957564,0
-112.307366,38.444172,0
-112.16188,40.017066,0
-111.718409,41.594158,0
-111.639299,38.939963,0
-112.102721,39.07096,0
-111.852592,37.900075,0
-109.389464,38.527025,0
-109.377506,39.244161,0
-111.673487,40.726995,0
-109.936541,37.631064,0
-111.922294,38.575073,0
-111.719,41.28447,0
-112.080942,38.030182,0
-112.080942,38.030182,1
-112.140438,37.902534,0
-112.140438,37.902534,1
-113.971359,38.181209,0
-110.592155,39.88543,0
-111.063779,40.471315,0
-111.229094,38.216132,0
-110.053988,40.788773,0
-109.916422,37.853634,0
-110.46936,40.156647,0
-109.504035,38.204895,0
-109.899545,39.249575,0
-111.40242,41.629277,0
-111.40242,41.629277,1
-113.945464,37.690401,0
-112.320554,38.84311,0
-113.367746,39.271889,0
-111.004262,40.063473,0
-111.004262,40.063473,1
-113.328214,39.50397,0
-109.862759,40.823536,0
-111.705606,40.56133,0
-112.749401,39.908755,0
-111.180696,40.610594,0
-112.272191,38.582224,0
-113.426726,37.427344,0
-113.426726,37.427344,1
-109.692754,37.805446,0
-112.599628,38.16151,0
-109.421579,39.647544,0
-112.810453,37.391549,0
-110.479423,39.662761,0
-111.848568,37.94358,0
-109.104956,38.613451,0
-109.40045,37.985457,0
-112.57917,39.916254,0
-110.943769,39.710641,0
-109.060429,40.185301,0
-109.962825,39.030293,0
-111.512951,38.759737,0
-111.512951,38.759737,1
-111.001239,37.994852,0
-111.658139,41.914457,0
-111.722006,37.661132,0
-110.89305,38.127527,0
-111.286265,38.986165,0
-110.000635,39.145811,0
-110.6322,39.686252,0
-109.961598,39.648508,0
-109.584336,40.504265,0
-112.283372,39.340358,0
-110.038543,37.720125,0
-109.519836,40.872262,0
-112.303277,37.577225,0
-111.683417,37.948731,0
-113.95242,37.466631,0
-111.582982,40.019545,0
-111.568158,37.63168,0
-110.890228,39.933243,0
-110.890228,39.933243,1
-111.779233,41.690107,0
-111.960803,39.093108,0
-111.095848,39.328729,0
-109.335984,38.346286,0
-111.059231,39.706036,0
-111.059231,39.706036,1
-113.650553,38.73,0
-111.802858,39.459978,0
-111.648319,40.421991,0
-111.648319,40.421991,1
-112.248009,37.933091,0
-112.248009,37.933091,1
-111.296407,40.744602,0
-109.839513,39.345089,0
-113.327523,37.564093,0
-112.026093,41.731819,0
-111.583156,39.83632,0
-111.002319,40.701359,0
-113.227987,37.089359,0
-111.467271,38.756081,0
-111.17761,38.264717,0
-114.009948,41.125912,0
-110.770132,37.945106,0
-111.058342,39.528624,0
-111.058342,39.528624,1
-111.756802,41.745169,0
-111.977458,38.530791,0
-111.977458,38.530791,1
-111.114645,40.292585,0
-112.01441,37.093041,0
-112.018186,37.129178,0
-113.603144,37.379082,0
-111.693758,37.72219,0
-111.450458,37.812872,0
-111.173508,39.61368,0
-112.506436,37.822879,0
-112.272569,38.931077,0
-112.410316,40.016153,0
-112.862595,37.300422,0
-113.861086,38.324656,0
-112.929994,37.614746,0
-112.158419,39.382129,0
-112.824361,38.020332,0
-112.021088,41.637539,0
-111.711285,40.510911,0
-111.711285,40.510911,1
-110.885939,37.899994,0
-109.803305,37.852524,0
-110.716508,37.861594,0
-111.288492,37.724794,0
-112.880691,37.978715,0
-109.069715,38.457133,0
-112.687742,41.861125,0
-109.488654,39.337087,0
-114.018999,38.542237,0
-112.490109,41.360594,0
-109.704892,40.061482,0
-111.407699,39.484853,0
-112.88906,38.163222,0
-111.861303,38.081613,0
-112.57988,37.170877,0
-109.783498,39.253451,0
-109.783498,39.253451,1
-111.465252,39.16627,0
-111.465252,39.16627,1
-112.492141,41.508809,0
-110.764721,39.657709,0
-111.445524,37.28072,0
-111.421153,40.300331,0
-111.421153,40.300331,1
-112.21972,39.383704,0
-113.9114,38.276209,0
-110.423699,39.121162,0
-109.483339,38.100595,0
-109.23799,40.462086,0
-110.349571,40.968396,0
-110.349571,40.968396,1
-112.060171,37.129105,0
-109.49265,39.287995,0
-109.128633,37.577029,0
-112.03318,38.846535,0
-112.534943,37.851799,0
-111.748084,38.756756,0
-110.69172,37.966094,0
-110.741172,39.684169,0
-109.200503,40.799325,0
-113.288644,41.850424,0
-112.496661,39.994921,0
-110.775415,38.086831,0
-113.591187,37.24544,0
-113.74689,38.630663,0
-111.468262,39.881337,0
-110.775675,38.806606,0
-110.188588,39.70772,0
-111.51443,38.894908,0
-109.42785,39.561242,0
-110.150826,37.45204,0
-111.868126,40.812311,0
-109.83417,39.660791,0
-111.676781,37.906616,0
-110.944515,40.654411,0
-113.02452,37.025865,0
-109.785415,40.483014,0
-109.305198,37.576506,0
-111.630784,41.994707,0
-112.472307,37.350796,0
-112.214032,38.754693,0
-112.659788,38.482291,0
-112.320768,38.299649,0
-111.982293,38.665917,0
-111.982293,38.665917,1
-111.588157,41.544191,0
-111.588157,41.544191,1
-113.519998,37.499874,0
-109.436774,39.20469,0
-111.787548,37.317302,0
-109.926203,37.491979,0
-112.126683,37.496395,0
-109.927509,37.400474,0
-109.616499,39.161984,0
-112.078744,37.901333,0
-109.28819,39.400636,0
-111.123399,39.974671,0
-111.123399,39.974671,1
-110.969546,40.667686,0
-112.29497,37.783292,0
-112.969093,37.216235,0
-111.773411,38.062431,0
-111.773411,38.062431,1
-110.126776,39.702716,0
-109.700348,40.647852,0
-109.700348,40.647852,1
-109.612347,39.333412,0
-110.386941,37.004039,0
-111.699272,39.610706,0
-111.699272,39.610706,1
-109.267424,39.28713,0
-112.55505,38.701654,0
-109.636366,37.982849,0
-111.650387,40.834446,1
-111.650387,40.834446,0
-113.481685,37.422514,0
-111.684641,38.03982,0
-111.410793,40.024445,0
-111.23106,38.171703,0
-113.694214,41.519979,0
-111.71318,40.831293,0
-110.064169,40.684689,0
-113.294361,40.135926,0
-109.615905,39.108251,0
-111.408451,39.259438,0
-114.025541,38.100612,0
-109.645879,37.629511,0
-112.919168,37.123427,0
-111.298184,40.198346,0
-111.810128,38.987454,0
-109.792596,39.114992,0
-109.351449,39.933409,0
-112.523953,40.008128,0
-110.594305,37.134778,0
-111.648395,40.515606,0
-111.648395,40.515606,1
-113.856367,39.949464,0
-112.349494,37.133867,0
-111.732176,37.408463,0
-113.978049,37.537761,0
-109.850155,38.571057,0
-112.192616,37.541422,0
-112.24028,40.378272,0
-110.528046,39.881319,0
-110.940302,39.928913,0
-114.045017,37.953819,0
-112.198484,38.077085,0
-112.034237,38.623106,0
-112.034237,38.623106,1
-112.534803,37.530067,0
-111.287965,40.021123,0
-109.366984,39.56411,0
-112.264265,38.798075,0
-111.48386,41.645621,0
-111.48386,41.645621,1
-112.108226,39.029508,0
-109.77109,37.738433,0
-113.857212,38.186288,0
-113.657941,37.517446,0
-113.25424,41.877828,0
-109.745767,37.752995,0
-110.534093,40.29353,0
-111.981938,38.983243,0
-109.784026,39.475945,0
-112.821724,38.206788,0
-109.100347,38.696534,0
-112.747954,37.355522,0
-112.747954,37.355522,1
-109.881121,39.698712,0
-112.420681,37.984121,0
-110.943444,40.153545,0
-110.943444,40.153545,1
-109.863542,37.898186,0
-112.370101,38.124512,0
-112.033721,38.986256,0
-112.378326,38.527626,0
-109.526335,37.985315,0
-111.63038,38.081692,0
-112.825525,37.614315,0
-112.825525,37.614315,1
-110.428037,39.5609,0
-111.538007,41.284088,0
-111.931722,37.702685,0
-110.532464,39.43874,0
-111.28025,37.367873,0
-112.327707,39.328642,0
-113.085811,37.029408,0
-111.451074,37.498228,0
-110.412152,40.061152,0
-111.05314,39.889284,0
-109.757461,40.469945,0
-112.3038,37.62878,0
-112.756258,37.003531,0
-111.292645,39.620553,0
-110.351458,40.425097,0
-112.575004,37.221322,0
-112.153365,38.977092,0
-112.099674,39.34487,0
-112.132069,37.54257,0
-111.166356,40.261636,0
-110.143168,38.039964,0
-113.148236,37.467825,0
-112.581487,40.059558,0
-111.476846,38.512855,0
-110.935147,40.427401,0
-110.935147,40.427401,1
-110.091417,38.309337,0
-110.938612,40.609713,0
-111.365902,41.688327,0
-109.786596,38.982942,0
-111.409422,39.300669,0
-111.113769,40.787772,0
-110.14529,37.89816,0
-109.252073,39.693969,0
-112.541174,37.939649,0
-109.973906,37.765556,0
-110.415345,39.210509,0
-112.224711,39.973318,0
-112.845822,37.376274,0
-113.092631,37.350061,0
-111.66673,41.734134,0
-111.66673,41.734134,1
-113.264148,37.435764,0
-112.65182,38.02539,0
-110.938392,37.991032,0
-111.115766,40.247555,0
-111.45778,39.787832,0
-112.023256,41.685675,0
-111.298899,41.014267,0
-112.698572,40.009561,0
-109.124839,37.662332,0
-109.220625,38.044775,0
-110.144053,38.216177,0
-109.095702,38.045094,0
-112.662791,40.681656,0
-112.196472,39.503246,0
-110.656185,37.861866,0
-111.852132,37.771172,0
-110.261996,37.995302,0
-113.023103,37.116853,0
-111.576042,38.759872,0
-111.576042,38.759872,1
-113.767676,38.727288,0
-112.022539,40.440317,0
-111.412641,40.201879,0
-109.125724,40.340336,0
-109.223951,38.47654,0
-112.130531,39.583698,0
-113.981471,41.24388,0
-111.596772,38.06616,0
-111.460493,39.123432,0
-110.827357,38.17515,0
-111.119623,40.336828,0
-111.119623,40.336828,1
-110.299583,39.798648,0
-111.542669,41.507028,0
-113.912563,38.179373,0
-110.479859,40.297619,0
-112.586312,37.671117,0
-111.797805,37.67479,0
-112.263352,38.482611,0
-112.216469,38.978243,0
-112.217631,37.006288,0
-111.45728,38.670487,0
-112.214458,39.297867,0
-112.329306,38.801087,0
-109.8439,39.024419,0
-113.043008,37.664519,0
-113.580298,38.329113,0
-112.348406,38.189739,0
-113.897841,37.913832,0
-110.524923,40.746297,0
-111.281911,38.266346,0
-110.990003,40.154941,1
-110.990003,40.154941,0
-111.239001,40.784272,0
-111.239001,40.784272,1
-113.952316,37.86681,0
-110.232907,40.740908,0
-112.481009,38.072256,0
-113.869466,37.105245,0
-110.943311,40.829973,0
-111.119167,39.528399,0
-111.119167,39.528399,1
-109.916893,38.438042,0
-109.114214,40.231417,0
-111.392343,38.936553,0
-109.317895,37.684542,0
-111.171984,39.117893,0
-111.416261,41.598777,0
-111.416261,41.598777,1
-110.301933,39.842508,0
-111.595008,41.234872,0
-111.595008,41.234872,1
-113.376075,37.389449,0
-109.927341,40.553866,0
-114.03336,37.612579,0
-112.149308,37.812612,0
-112.131534,37.038635,0
-112.289197,37.400636,0
-111.237286,39.162705,0
-109.981442,37.31823,0
-110.170849,40.876847,0
-110.293971,39.640947,0
-112.326898,39.026822,0
-110.115309,40.334964,0
-109.204438,39.29234,0
-111.585646,39.165959,0
-111.585646,39.165959,1
-111.339105,38.040895,0
-111.339105,38.040895,1
-109.141423,39.642111,0
-113.622472,38.187365,0
-110.508369,40.99341,0
-110.508369,40.99341,1
-112.520941,37.442552,0
-109.221645,38.387643,0
-111.736485,37.590785,0
-111.569137,38.176186,0
-111.510665,41.254068,0
-109.872797,40.512888,0
-112.404657,39.831122,0
-109.134462,37.484301,0
-112.371039,38.303864,0
-111.945037,39.705312,0
-111.593484,40.514633,0
-109.403107,38.075214,0
-111.720724,41.958867,0
-110.710307,38.758429,0
-109.113211,38.987787,0
-113.768387,37.469566,0
-111.645216,41.251787,0
-111.404014,38.133391,0
-109.559065,39.509313,0
-111.857305,37.807885,0
-111.420727,41.418459,0
-111.420727,41.418459,1
-114.026042,39.846515,0
-112.628735,37.008771,0
-109.556858,37.686892,0
-111.693095,39.34096,0
-110.598197,38.848333,0
-112.116973,39.931688,0
-109.878347,39.130192,0
-112.854952,37.262872,0
-113.296797,41.932242,0
-112.763276,37.62261,0
-110.349628,40.652055,0
-109.811363,37.990086,0
-109.881344,40.78044,0
-111.290572,39.297389,0
-113.142355,37.254932,0
-112.386474,37.342464,0
-110.348854,40.925952,0
-110.129941,39.252303,0
-112.944839,40.544535,0
-111.673025,37.495682,0
-109.133411,39.692202,0
-112.745959,37.905509,0
-109.691127,37.440461,0
-111.726482,39.869766,0
-111.726482,39.869766,1
-113.599001,37.428561,0
-109.48245,40.849329,0
-112.435634,38.568054,0
-110.370717,39.6828,0
-110.370717,39.6828,1
-111.472469,41.375053,0
-111.472469,41.375053,1
-111.717375,41.412886,0
-111.717375,41.412886,1
-109.398518,40.772965,0
-109.501192,39.111664,0
-111.422304,41.645352,0
-111.86698,38.84525,0
-111.429349,39.369872,0
-112.657242,37.983569,0
-111.542247,41.818591,0
-111.542247,41.818591,1
-110.801297,38.831768,0
-109.495885,39.243709,0
-111.715736,41.689763,0
-111.715736,41.689763,1
-109.422898,40.845093,0
-109.422898,40.845093,1
-110.0888,37.813598,0
-109.810231,37.944769,0
-113.602623,37.605095,0
-109.167518,38.02206,0
-111.467414,38.941008,0
-112.464376,40.009553,0
-110.820878,37.899342,0
-113.587019,38.6823,0
-113.9318,40.033305,0
-110.647347,40.919162,0
-109.082161,39.551604,0
-113.206386,37.705308,0
-111.567726,37.5471,0
-112.26838,41.905512,0
-112.722861,38.661473,0
-113.238126,41.983118,0
-112.091201,38.935015,0
-111.323139,39.908853,0
-111.601156,41.276796,0
-113.037541,37.527617,0
-113.037541,37.527617,1
-111.232892,39.981859,0
-111.698397,39.795487,0
-109.63673,40.734681,0
-114.048793,37.775821,0
-112.039717,37.005084,0
-112.271633,39.246633,0
-111.788053,37.804487,0
-112.16618,39.745797,0
-111.233737,39.931324,0
-111.906737,37.58182,0
-112.241953,37.538784,0
-111.623957,40.799923,0
-110.536809,39.252847,0
-110.092495,37.498751,0
-109.898499,39.116482,0
-109.136267,39.597852,0
-109.399729,38.477597,0
-109.516876,38.123394,0
-111.57071,38.893571,0
-109.933581,39.136274,0
-112.956541,37.459778,0
-111.287319,38.216748,0
-109.191871,39.688889,0
-112.090763,38.532049,0
-109.884589,37.746608,0
-112.59365,37.382063,0
-110.122671,40.469533,0
-112.143881,38.851276,0
-112.123784,40.425219,0
-110.046757,37.317509,0
-110.242099,40.416178,0
-111.11647,38.042158,0
-112.44898,38.68079,0
-111.725135,41.780911,0
-110.299611,39.973974,0
-112.905837,38.748293,0
-110.766023,40.159466,0
-112.141361,38.121644,0
-112.141361,38.121644,1
-111.91543,38.171357,0
-109.699698,37.582537,0
-109.522317,37.80542,0
-109.727093,39.250071,0
-111.736612,39.464734,0
-112.64545,37.440475,0
-110.301232,39.659927,0
-111.469054,38.066593,0
-111.469054,38.066593,1
-109.70247,37.943452,0
-110.588093,40.650417,0
-110.550265,39.075227,0
-111.807586,38.621855,0
-113.771212,41.701092,0
-112.440292,39.997111,0
-111.717188,40.967564,0
-110.997973,40.517794,0
-110.997973,40.517794,1
-111.346919,39.304679,0
-111.174379,39.660045,0
-113.572654,38.232594,0
-110.11766,40.380822,0
-110.76792,37.905613,0
-111.118309,38.128603,0
-109.632347,37.895841,0
-112.453779,39.958152,0
-109.856699,40.925818,0
-109.755791,40.554847,0
-111.676382,37.452587,0
-111.703252,39.748969,0
-113.833306,37.649634,0
-110.171336,40.739232,0
-111.171448,37.317027,0
-111.608754,41.780203,0
-111.608754,41.780203,1
-112.085266,38.985318,0
-112.519455,38.686741,0
-111.573746,41.251328,0
-111.002413,38.762166,0
-113.820698,37.984902,0
-113.932157,40.167374,0
-112.129648,37.407948,0
-111.415231,41.782826,0
-110.039084,37.945364,0
-113.226658,38.335955,0
-110.095229,37.67659,0
-111.988441,39.112951,0
-110.596072,38.714143,0
-111.969694,37.899457,0
-111.543347,41.868206,0
-110.76586,40.199349,0
-113.818285,38.592756,0
-110.708629,39.029447,0
-110.412043,39.760016,0
-112.354589,37.266903,0
-112.591733,37.895652,0
-112.591733,37.895652,1
-111.446897,41.258389,0
-111.446897,41.258389,1
-112.68913,37.076531,0
-111.627487,38.716308,0
-109.115798,38.247031,0
-111.356443,40.880767,0
-109.46607,38.11765,0
-111.415287,40.065693,0
-112.414208,37.134364,0
-113.4264,37.386265,0
-111.586946,40.426104,0
-111.586946,40.426104,1
-111.338478,37.991748,0
-113.854905,38.09119,0
-111.753211,39.659261,0
-114.036109,38.227198,0
-113.957306,38.00211,0
-110.719332,40.174125,0
-110.528492,40.511694,0
-110.528492,40.511694,1
-109.072159,37.753829,0
-111.513538,38.132307,0
-110.081719,39.072227,0
-110.94205,37.861249,0
-112.496809,37.743953,0
-113.589617,38.732206,0
-112.174437,40.064389,0
-111.717067,40.91731,0
-112.643908,37.53395,0
-112.643908,37.53395,1
-109.753612,40.692249,0
-110.942512,40.069901,0
-110.942512,40.069901,1
-113.612849,37.470691,0
-111.655463,41.597331,0
-111.655463,41.597331,1
-112.29499,37.085727,0
-110.638563,40.827604,0
-111.51438,38.086386,0
-109.726798,39.295834,0
-110.108367,40.691011,0
-109.921712,37.674029,0
-109.921712,37.674029,1
-109.619228,38.437492,0
-111.841541,37.360274,0
-111.484749,41.463748,1
-111.484749,41.463748,0
-113.088187,37.121152,0
-109.367536,39.647735,0
-111.466954,39.208459,0
-109.406632,38.027806,0
-109.45514,38.257979,0
-111.464434,39.438352,0
-113.314287,41.870679,0
-109.638376,40.783754,0
-110.586304,40.380079,0
-110.586304,40.380079,1
-110.995404,40.562916,0
-110.995404,40.562916,1
-112.03411,38.4891,0
-109.674145,39.113347,0
-111.564224,37.452364,0
-111.520154,38.35444,0
-109.851414,37.858377,0
-112.273869,39.20454,0
-111.538261,40.78407,0
-111.538261,40.78407,1
-109.173581,38.254082,0
-113.772019,41.745713,0
-111.030717,39.413035,0
-109.087873,39.328313,0
-109.350336,37.758153,0
-110.816648,40.827948,0
-111.915966,37.006113,0
-109.317188,39.466841,0
-111.633324,38.671754,0
-109.723655,39.476161,0
-111.131571,41.065204,0
-111.131571,41.065204,1
-111.466572,40.382705,0
-114.023912,41.060971,0
-109.645503,40.55103,0
-111.469396,41.739107,0
-110.588217,40.423113,0
-110.588217,40.423113,1
-109.522921,39.499909,0
-110.311966,37.994943,0
-109.582506,37.803812,0
-109.062969,38.111641,0
-111.649064,40.468376,0
-110.118754,40.285951,0
-112.217145,39.253626,0
-113.175585,37.093446,0
-110.585816,40.515956,0
-113.267043,37.610179,0
-111.456359,39.247057,0
-111.670079,38.598896,0
-110.888225,40.112876,0
-112.217006,39.019985,0
-112.866484,37.620007,0
-112.866484,37.620007,1
-110.146699,37.860948,0
-111.664926,41.551828,0
-113.398627,38.243947,0
-111.636209,39.077285,0
-113.011009,40.400901,0
-109.814683,37.357702,0
-113.594389,38.824942,0
-112.923658,37.072225,0
-111.460085,38.396835,0
-112.697747,37.711696,0
-112.697747,37.711696,1
-111.920466,38.709243,0
-113.867853,39.985841,0
-112.501142,38.624096,0
-109.412031,37.85016,0
-110.770746,37.033199,0
-111.717672,40.873853,0
-111.717672,40.873853,1
-109.629057,38.168784,0
-111.116084,40.558381,0
-112.301567,37.133711,0
-113.705027,37.993008,0
-110.606903,37.359803,0
-110.465439,40.92383,0
-113.872229,38.593214,0
-112.079478,37.991957,0
-111.422603,41.371958,0
-111.422603,41.371958,1
-111.120629,39.345197,0
-111.120629,39.345197,1
-112.042558,39.254705,0
-112.584625,40.277588,0
-109.171589,38.294386,0
-113.878431,38.454071,0
-112.87163,37.002599,0
-111.586946,40.426104,0
-111.586946,40.426104,1
-111.416688,40.335124,0
-111.645681,39.883058,0
-111.567019,40.65226,1
-111.416475,40.989108,1
-111.639815,40.278242,1
-113.321713,41.9542,1
-112.830754,37.630729,1
-112.044544,41.661853,1
-112.679771,37.519993,1
-112.165869,37.622728,1
-111.640215,40.801467,1
-112.694489,37.516384,1
-111.53425,40.688612,1
-112.622063,37.347328,1
-111.782986,41.376894,1
-111.602171,40.485442,1
-111.647055,40.649892,1
-111.632243,41.883757,1
-109.195907,38.387279,1
-111.500839,40.589615,1
-112.260505,37.531853,1
-110.920781,40.634331,1
-111.694925,38.530731,1
-113.794573,41.84312,1
-109.645504,40.842073,1
-111.458198,41.921007,1
-112.836661,37.573259,1
-111.604897,40.631005,1
-109.911125,37.518353,1
-111.578545,40.684228,1
-111.408112,38.002906,1
-111.633614,40.593056,1
-111.596705,40.637657,1
-111.661687,40.578022,1
-111.682908,40.575922,1
-110.063731,38.043311,1
-112.196972,38.038852,1
-112.886445,37.684555,1
-112.886445,37.684555,1
-111.700974,41.26717,1
-112.166689,37.622717,1
-109.232565,38.497054,1
-109.494328,37.864912,1
-111.810347,37.705032,1
-111.336503,38.164878,1
-111.329797,38.067692,1
-109.23871,38.421828,1
-111.337669,38.107567,1
-111.766078,40.725403,1
-111.592799,40.621554,1
-111.554622,40.714192,1
-112.436575,38.616892,1
-111.632295,40.665409,1
-111.585662,40.589385,1
-112.166023,37.622696,1
-111.614175,40.43092,1
-109.817578,40.860981,1
-112.800971,37.520378,1
-109.493419,40.694539,1
-111.328531,38.130573,1
-112.81912,37.533652,1
-111.335365,38.033589,1
-109.473185,40.720293,1
-111.363023,38.033585,1
-111.556041,40.02149,1
-113.453556,41.956572,1
-112.18709,37.593038,1
-111.664111,40.653803,1
-111.806065,41.74092,1
-111.651138,40.641827,1
-109.591375,38.627044,1
-112.98926,37.321961,1
-111.661891,40.579574,1
-112.158491,37.616477,1
-112.798219,37.564845,1
-111.5725,41.8767,1
-112.162825,37.628366,1
-113.095794,37.542882,1
-113.067899,37.351129,1
-112.733308,37.508009,1
-110.873611,40.807778,1
-110.8736,40.8078,1
-111.582833,40.5925,1
-109.74,40.64,1
-111.6,41.8,1
-111.616667,41.783333,1
-111.616667,41.783333,1
-112.016667,41.716667,1
-111.483333,41.866667,1
-111.533333,41.983333,1
-111.426667,41.9125,1
-111.583333,41.766667,1
-111.66667,41.83333,1
-109.78,40.62,1
-111.723611,41.745278,1
-110.999764,40.701079,1
-113.88,39.75,1
-113.88,39.75,1
-112.77,37.52,1
-110.62,39.27,1
-110.667142,40.712956,1
-110.62,39.17,1
-113.750278,41.523889,1
-110.2975,39.460278,1
-113.285,38.521667,1
-112.497778,39.975833,1
-110.33,39.63,1
-111.43,39.32,1
-111.508333,40.608333,1
